category_url,old_count,new_count,difference,status
https://www.costco.com/adult-multi-letter-vitamins.html,0,6,6,GAINED
https://www.costco.com/airpods.html,2,0,-2,FAILED_ZERO
https://www.costco.com/all-costco-grocery.html,44,0,-44,FAILED_ZERO
https://www.costco.com/all-vitamins-supplements.html,0,7,7,GAINED
https://www.costco.com/apple-smart-watch.html,8,0,-8,FAILED_ZERO
https://www.costco.com/appliances.html,61,57,-4,PARTIAL_LOSS
https://www.costco.com/audio-video.html,28,0,-28,FAILED_ZERO
https://www.costco.com/auto-tires.html,0,13,13,GAINED
https://www.costco.com/baby-kids.html,0,20,20,GAINED
https://www.costco.com/baking.html,0,3,3,GAINED
https://www.costco.com/batteries.html,1,0,-1,FAILED_ZERO
https://www.costco.com/beans-grains-rice.html,0,2,2,GAINED
https://www.costco.com/beauty-tools-accessories.html,6,0,-6,FAILED_ZERO
https://www.costco.com/beauty.html,44,47,3,GAINED
https://www.costco.com/bedroom-furniture.html,4,0,-4,FAILED_ZERO
https://www.costco.com/beverages.html,71,41,-30,PARTIAL_LOSS
https://www.costco.com/breakfast.html,0,12,12,GAINED
https://www.costco.com/cameras-camcorders.html,5,0,-5,FAILED_ZERO
https://www.costco.com/candy.html,20,18,-2,PARTIAL_LOSS
https://www.costco.com/canned-goods.html,0,7,7,GAINED
https://www.costco.com/cell-phone-chargers-batteries.html,4,0,-4,FAILED_ZERO
https://www.costco.com/cell-phones.html,2,0,-2,FAILED_ZERO
https://www.costco.com/chips-pretzels.html,0,2,2,GAINED
https://www.costco.com/clothing.html,96,2,-94,PARTIAL_LOSS
https://www.costco.com/coffee-sweeteners.html,7,28,21,GAINED
https://www.costco.com/cold-frozen-grocery.html,0,38,38,GAINED
https://www.costco.com/computer-accessories.html,2,0,-2,FAILED_ZERO
https://www.costco.com/computers.html,68,63,-5,PARTIAL_LOSS
https://www.costco.com/cooling-air-treatment-heating.html,1,0,-1,FAILED_ZERO
https://www.costco.com/cosmetics.html,2,0,-2,FAILED_ZERO
https://www.costco.com/costco-direct-appliances.html,0,3,3,GAINED
https://www.costco.com/costco-direct-fitness.html,0,2,2,GAINED
https://www.costco.com/costco-direct-furniture.html,0,4,4,GAINED
https://www.costco.com/costco-direct-home-upgrades.html,0,5,5,GAINED
https://www.costco.com/costco-direct-mattresses.html,0,6,6,GAINED
https://www.costco.com/costco-direct-patio-garden.html,0,6,6,GAINED
https://www.costco.com/costco-direct-tvs.html,0,20,20,GAINED
https://www.costco.com/costco-direct.html,35,3,-32,PARTIAL_LOSS
https://www.costco.com/dairy-eggs-cheese.html,25,23,-2,PARTIAL_LOSS
https://www.costco.com/deli.html,45,44,-1,PARTIAL_LOSS
https://www.costco.com/deodorant.html,0,1,1,GAINED
https://www.costco.com/desktops-servers.html,8,0,-8,FAILED_ZERO
https://www.costco.com/diet-nutrition.html,0,11,11,GAINED
https://www.costco.com/dietary-supplements.html,0,1,1,GAINED
https://www.costco.com/dining-kitchen.html,3,0,-3,FAILED_ZERO
https://www.costco.com/dish-detergent.html,0,4,4,GAINED
https://www.costco.com/dryers.html,2,0,-2,FAILED_ZERO
https://www.costco.com/earrings.html,0,13,13,GAINED
https://www.costco.com/easter.html,0,2,2,GAINED
https://www.costco.com/electronics.html,0,82,82,GAINED
https://www.costco.com/feminine-hygiene.html,0,1,1,GAINED
https://www.costco.com/fish-oil-omega-3.html,0,1,1,GAINED
https://www.costco.com/flatbreads-tortillas.html,0,1,1,GAINED
https://www.costco.com/freezers-ice-makers.html,3,0,-3,FAILED_ZERO
https://www.costco.com/french-door-refrigerators.html,15,0,-15,FAILED_ZERO
https://www.costco.com/frozen-fruits-vegetables.html,0,1,1,GAINED
https://www.costco.com/frozen-meals.html,17,8,-9,PARTIAL_LOSS
https://www.costco.com/furniture.html,18,8,-10,PARTIAL_LOSS
https://www.costco.com/garage.html,4,0,-4,FAILED_ZERO
https://www.costco.com/generators.html,3,0,-3,FAILED_ZERO
https://www.costco.com/gift-cards-tickets.html,0,1,1,GAINED
https://www.costco.com/grocery-household.html,679,71,-608,PARTIAL_LOSS
https://www.costco.com/hair-care.html,16,0,-16,FAILED_ZERO
https://www.costco.com/hard-drives-memory.html,1,0,-1,FAILED_ZERO
https://www.costco.com/hardware.html,52,43,-9,PARTIAL_LOSS
https://www.costco.com/health-beauty-spa-gifts.html,0,1,1,GAINED
https://www.costco.com/health-beauty.html,343,90,-253,PARTIAL_LOSS
https://www.costco.com/holiday-gifts.html,0,4,4,GAINED
https://www.costco.com/home-alarm-systems-automation.html,7,0,-7,FAILED_ZERO
https://www.costco.com/home-and-decor.html,0,44,44,GAINED
https://www.costco.com/home-health-care.html,0,1,1,GAINED
https://www.costco.com/honey.html,0,1,1,GAINED
https://www.costco.com/household-cleaning.html,59,12,-47,PARTIAL_LOSS
https://www.costco.com/immune-support.html,0,1,1,GAINED
https://www.costco.com/jewelry.html,0,112,112,GAINED
https://www.costco.com/juice.html,0,5,5,GAINED
https://www.costco.com/kirkland-signature-groceries.html,102,30,-72,PARTIAL_LOSS
https://www.costco.com/laptops.html,26,0,-26,FAILED_ZERO
https://www.costco.com/laundry-supplies.html,0,16,16,GAINED
https://www.costco.com/lighting.html,16,0,-16,FAILED_ZERO
https://www.costco.com/living-room.html,9,0,-9,FAILED_ZERO
https://www.costco.com/massage-relaxation.html,0,1,1,GAINED
https://www.costco.com/mattresses.html,12,1,-11,PARTIAL_LOSS
https://www.costco.com/meat.html,1,2,1,GAINED
https://www.costco.com/mens-clothing.html,1,0,-1,FAILED_ZERO
https://www.costco.com/microwaves.html,1,0,-1,FAILED_ZERO
https://www.costco.com/monitors.html,6,0,-6,FAILED_ZERO
https://www.costco.com/musical-instruments.html,1,0,-1,FAILED_ZERO
https://www.costco.com/necklaces.html,0,2,2,GAINED
https://www.costco.com/non-prescription-remedies.html,0,98,98,GAINED
https://www.costco.com/office-furniture.html,3,0,-3,FAILED_ZERO
https://www.costco.com/office-products.html,0,6,6,GAINED
https://www.costco.com/oils-balsamic.html,0,2,2,GAINED
https://www.costco.com/pantry.html,46,51,5,GAINED
https://www.costco.com/paper-products-food-storage.html,19,31,12,GAINED
https://www.costco.com/patio-lawn-garden.html,0,19,19,GAINED
https://www.costco.com/pc-gaming.html,3,0,-3,FAILED_ZERO
https://www.costco.com/personal-care.html,0,35,35,GAINED
https://www.costco.com/pet-supplies.html,0,14,14,GAINED
https://www.costco.com/produce.html,18,41,23,GAINED
https://www.costco.com/protein.html,0,5,5,GAINED
https://www.costco.com/reading-glasses.html,0,5,5,GAINED
https://www.costco.com/refrigerated-beverages.html,0,1,1,GAINED
https://www.costco.com/refrigerators.html,2,0,-2,FAILED_ZERO
https://www.costco.com/rings.html,0,3,3,GAINED
https://www.costco.com/routers-networking.html,1,0,-1,FAILED_ZERO
https://www.costco.com/seasonal.html,23,29,6,GAINED
https://www.costco.com/skin-care.html,18,0,-18,FAILED_ZERO
https://www.costco.com/small-kitchen-appliances.html,25,0,-25,FAILED_ZERO
https://www.costco.com/small-space-appliances.html,1,0,-1,FAILED_ZERO
https://www.costco.com/snacks.html,97,89,-8,PARTIAL_LOSS
https://www.costco.com/soft-drinks.html,0,1,1,GAINED
https://www.costco.com/soup.html,0,1,1,GAINED
https://www.costco.com/spices-seasonings.html,0,3,3,GAINED
https://www.costco.com/sports-fitness.html,20,16,-4,PARTIAL_LOSS
https://www.costco.com/sports-nutrition.html,0,1,1,GAINED
https://www.costco.com/storage-organization.html,1,0,-1,FAILED_ZERO
https://www.costco.com/sugar-sweeteners.html,0,1,1,GAINED
https://www.costco.com/tablet-computers-accessories.html,11,0,-11,FAILED_ZERO
https://www.costco.com/televisions.html,42,0,-42,FAILED_ZERO
https://www.costco.com/tools.html,7,0,-7,FAILED_ZERO
https://www.costco.com/toys.html,9,10,1,GAINED
https://www.costco.com/trash-bags.html,0,5,5,GAINED
https://www.costco.com/vacuums-floor-care.html,14,0,-14,FAILED_ZERO
https://www.costco.com/video-games.html,8,0,-8,FAILED_ZERO
https://www.costco.com/vitamins-herbals-dietary-supplements.html,0,67,67,GAINED
https://www.costco.com/washers.html,1,0,-1,FAILED_ZERO
https://www.costco.com/wearable-technology.html,7,0,-7,FAILED_ZERO
