sku,product_name,warehouse_id,product_url
100001184,"Nature's Bounty Hair, Skin and Nails, 250 Softgels",1738,https://www.costco.com/natures-bounty-hair-skin-and-nails-250-softgels.product.100001184.html
100014399,"Flooring & Carpet  Enjoy carpet, engineered hardwood, laminate, and luxury vinyl tile and stone flooring solutions from Shaw.",1738,https://www.costco.com/.product.100014399.html
100022642,"Kirkland Signature Quick Dissolve B-12 5000 mcg., 300 Tablets",1738,https://www.costco.com/kirkland-signature-quick-dissolve-b-12-5000-mcg-300-tablets.product.100022642.html
100040959,"Blinds, Shades & Shutters  Custom window treatments for style and privacy.",1738,https://www.costco.com/.product.100040959.html
100041241,"Water Softening & Purification  Upgrade your water, upgrade your home.",1738,https://www.costco.com/.product.100041241.html
100113275,"Nestlé Coffee-mate Powdered Creamer, Original, 56 oz",1738,https://www.costco.com/nestl-coffee-mate-powdered-creamer-original-56-oz.product.100113275.html
100113595,"Solo Heavyweight Plastic Spoon, White, 500-count",1738,https://www.costco.com/solo-heavyweight-plastic-spoon-white-500-count.product.100113595.html
100118306,"Nature Made CoQ10 200 mg., 140 Softgels",1738,https://www.costco.com/nature-made-coq10-200-mg-140-softgels.product.100118306.html
100143268,"One A Day Men's Multivitamin, 300 Tablets",1738,https://www.costco.com/one-a-day-mens-multivitamin-300-tablets.product.100143268.html
100143565,"One A Day Women's Multivitamin, 300 Tablets",1738,https://www.costco.com/one-a-day-womens-multivitamin-300-tablets.product.100143565.html
100146590,"Round Brilliant 0.63 ctw VS2 Clarity, I Color Diamond Band",1738,https://www.costco.com/round-brilliant-063-ctw-vs2-clarity-i-color-diamond-band.product.100146590.html
100225471,"Round Brilliant 0.45 ctw VS2 Clarity, I Color Diamond 14kt White Gold Halo Earrings",1738,https://www.costco.com/round-brilliant-045-ctw-vs2-clarity-i-color-diamond-14kt-white-gold-halo-earrings.product.100225471.html
100234581,"Kirkland Signature Dental Chews, 72-count",1738,https://www.costco.com/kirkland-signature-dental-chews-72-count.product.100234581.html
100236368,Apple Pencil (1st Generation),1738,https://www.costco.com/.product.100236368.html
100237478,"Round Brilliant 0.23 ctw VS2 Clarity, I Color Diamond 14kt Gold Screwback Stud Earrings",1738,https://www.costco.com/round-brilliant-023-ctw-vs2-clarity-i-color-diamond-14kt-gold-screwback-stud-earrings.product.100237478.html
100242951,"MiraLAX Powder Laxative, 68 Doses",1738,https://www.costco.com/miralax-powder-laxative-68-doses.product.100242951.html
10024438,Costco Shop Cards  Use Shop Cards for gifting and everyday spending.,1738,https://www.costco.com/p/-/costco-shop-card/10024438?langId=-1
100246288,Top Chews Chicken & Apple Recipe 100% Natural Dog Treats,1738,https://www.costco.com/top-chews-chicken--apple-recipe-100-natural-dog-treats.product.100246288.html
100293064,"Kirkland Signature Triple Action Joint Health, 110 Coated Tablets",1738,https://www.costco.com/kirkland-signature-triple-action-joint-health-110-coated-tablets.product.100293064.html
100309160,"Metamucil Fiber Supplement, Orange Sugar Free, 260 Servings",1738,https://www.costco.com/metamucil-fiber-supplement-orange-sugar-free-260-servings.product.100309160.html
100332452,"Enfagrow Premium Toddler Nutritional Drink, Non-GMO, Stage 3, 36.6 oz",1738,https://www.costco.com/enfagrow-premium-toddler-nutritional-drink-non-gmo-stage-3-366-oz.product.100332452.html
100333884,"Kirkland Signature Organic Pure Maple Syrup, 33.8 oz",1738,https://www.costco.com/kirkland-signature-organic-pure-maple-syrup-338-oz.product.100333884.html
100351325,"Nature's Bounty Vitamin D3 125 mcg, 400 Softgels",1738,https://www.costco.com/natures-bounty-vitamin-d3-125-mcg-400-softgels.product.100351325.html
100351568,Custom Closet & Storage Design  Design storage solutions at member value.,1738,https://www.costco.com/.product.100351568.html
100356999,"Kirkland Signature Ultra Plush Microfiber Towel,16 in x 16 in, 36-count",1738,https://www.costco.com/kirkland-signature-ultra-plush-microfiber-towel16-in-x-16-in-36-count.product.100356999.html
100358145,Snapware Pyrex 18-piece Glass Food Storage Set,1738,https://www.costco.com/snapware-pyrex-18-piece-glass-food-storage-set.product.100358145.html
100358150,NeilMed Sinus Rinse Kit,1738,https://www.costco.com/neilmed-sinus-rinse-kit.product.100358150.html
100361434,"Kirkland Signature Colombian Coffee, Dark Roast, 3 lbs",1738,https://www.costco.com/kirkland-signature-colombian-coffee-dark-roast-3-lbs.product.100361434.html
100364526,"Kirkland Signature LaxaClear, 100 Doses",1738,https://www.costco.com/kirkland-signature-laxaclear-100-doses.product.100364526.html
100381507,"Peet's Coffee Major Dickason's Blend Coffee, Dark Roast, Whole Bean, 2 lbs",1738,https://www.costco.com/peets-coffee-major-dickasons-blend-coffee-dark-roast-whole-bean-2-lbs.product.100381507.html
100381544,"Lavazza Caffé Espresso 100% Premium Arabica Coffee, Whole Bean, 2.2 lbs",1738,https://www.costco.com/lavazza-caff-espresso-100-premium-arabica-coffee-whole-bean-22-lbs.product.100381544.html
100382526,"3M Scotch Magic Tape/Gift Wrap Tape, 6600"" Total, 6-pack",1738,https://www.costco.com/3m-scotch-magic-tapegift-wrap-tape-6600-total-6-pack.product.100382526.html
100411697,"Vita Coco, Coconut Water, 11.1 fl oz, 18-Count",1738,https://www.costco.com/vita-coco-coconut-water-111-fl-oz-18-count.product.100411697.html
100423806,"NESCAFE Taster's Choice Instant Coffee, House Blend, Light-Medium Roast, 14 oz",1738,https://www.costco.com/nescafe-tasters-choice-instant-coffee-house-blend-light-medium-roast-14-oz.product.100423806.html
100439956,"Freshpet Deli Fresh Dog Food, Chicken Recipe, 6 lbs",1738,https://www.costco.com/freshpet-deli-fresh-dog-food-chicken-recipe-6-lbs.product.100439956.html
100448789,"Ricola Sugar Free Lemon Mint Drops, 210 Drops",1738,https://www.costco.com/ricola-sugar-free-lemon-mint-drops-210-drops.product.100448789.html
100449422,"Kirkland Signature Medium Roast Coffee, 40 oz.",1738,https://www.costco.com/kirkland-signature-medium-roast-coffee-40-oz.product.100449422.html
100451760,"Kirkland Signature Nature's Domain Canned Dog Food, Turkey & Pea Stew, 13.2 oz, 24-count",1738,https://www.costco.com/kirkland-signature-natures-domain-canned-dog-food-turkey--pea-stew-132-oz-24-count.product.100451760.html
100452562,"Ultra Strength BENGAY, Non-Greasy Topical Pain Relieving Cream, 8 Ounces",1738,https://www.costco.com/ultra-strength-bengay-non-greasy-topical-pain-relieving-cream-8-ounces.product.100452562.html
100455658,"One A Day Women's 50+ Healthy Advantage Multivitamin, 300 Tablets",1738,https://www.costco.com/one-a-day-womens-50-healthy-advantage-multivitamin-300-tablets.product.100455658.html
100455659,"One A Day Men's 50+ Healthy Advantage Multivitamin, 300 Tablets",1738,https://www.costco.com/one-a-day-mens-50-healthy-advantage-multivitamin-300-tablets.product.100455659.html
100455673,"PediaSure with OptiGRO Plus Kids Shake, 8 fl oz, 24-count",1738,https://www.costco.com/pediasure-with-optigro-plus-kids-shake-8-fl-oz-24-count.product.100455673.html
100456537,"Blue Buffalo Top Chews Pork & Chicken Sausage Dog Treats, 36 oz.",1738,https://www.costco.com/blue-buffalo-top-chews-pork--chicken-sausage-dog-treats-36-oz.product.100456537.html
100476448,Generators  Prepare for the next power outage with a home standby generator from Generac.,1738,https://www.costco.com/generac-automatic-standby-generators.product.100476448.html
100483780,"Biotrue Multi-Purpose Solution, 34 Ounces",1738,https://www.costco.com/biotrue-multi-purpose-solution-34-ounces.product.100483780.html
100491593,"Princess Cut 1.00 ctw VS2 Clarity, I Color Diamond 14kt Gold Stud Earrings",1738,https://www.costco.com/princess-cut-100-ctw-vs2-clarity-i-color-diamond-14kt-gold-stud-earrings.product.100491593.html
100491630,"Princess Cut 0.50 ctw VS2 Clarity, I Color Diamond 14kt Gold Stud Earrings",1738,https://www.costco.com/princess-cut-050-ctw-vs2-clarity-i-color-diamond-14kt-gold-stud-earrings.product.100491630.html
100491651,"Round Brilliant 1.00 ctw VS2 Clarity, I Color Diamond 14kt Gold Stud Earrings",1738,https://www.costco.com/round-brilliant-100-ctw-vs2-clarity-i-color-diamond-14kt-gold-stud-earrings.product.100491651.html
100491909,"Round Brilliant 0.50 ctw VS2 Clarity, I Color Diamond 14kt Gold Stud Earrings",1738,https://www.costco.com/round-brilliant-050-ctw-vs2-clarity-i-color-diamond-14kt-gold-stud-earrings.product.100491909.html
100491921,"Round Brilliant 0.36 ctw VS2 Clarity, I Color Diamond 14kt White Gold Stud Earrings",1738,https://www.costco.com/round-brilliant-036-ctw-vs2-clarity-i-color-diamond-14kt-white-gold-stud-earrings.product.100491921.html
100499650,"Lumify Redness Reliever Eye Drops, 15 ml.",1738,https://www.costco.com/lumify-redness-reliever-eye-drops-15-ml.product.100499650.html
100500603,"Centrum Silver Men's 50+ Multivitamin, 275 Tablets",1738,https://www.costco.com/centrum-silver-mens-50-multivitamin-275-tablets.product.100500603.html
100501081,"Starbucks Pike Place Medium Roast K-Cup, 72-count",1738,https://www.costco.com/starbucks-pike-place-medium-roast-k-cup-72-count.product.100501081.html
100502268,Snapware 38-piece Plastic Food Storage Set,1738,https://www.costco.com/snapware-38-piece-plastic-food-storage-set.product.100502268.html
100504550,"Hotel Grand Feather & Down Pillow, 2-pack",1738,https://www.costco.com/hotel-grand-feather--down-pillow-2-pack.product.100504550.html
100508945,"Starbucks K-Cup Coffee Pods 72ct, Limited Edition Holiday Blend Medium Roast Coffee, 100% Arabica",1738,https://www.costco.com/starbucks-k-cup-coffee-pods-72ct-limited-edition-holiday-blend-medium-roast-coffee-100-arabica.product.100508945.html
100509750,"Round Brilliant 1.00 ctw VS2 Clarity, I Color Diamond 14kt White Gold Earrings",1738,https://www.costco.com/round-brilliant-100-ctw-vs2-clarity-i-color-diamond-14kt-white-gold-earrings.product.100509750.html
100509930,"Starbucks Dark French Roast K-Cup, 72-count",1738,https://www.costco.com/starbucks-dark-french-roast-k-cup-72-count.product.100509930.html
100517315,"Kirkland Signature OPTIFIBER, 26.8 Ounces 190 Servings",1738,https://www.costco.com/kirkland-signature-optifiber-268-ounces-190-servings.product.100517315.html
100518610,"Voltaren Arthritis Pain Gel, 12.34 Ounces",1738,https://www.costco.com/voltaren-arthritis-pain-gel-1234-ounces.product.100518610.html
100527865,"Kirkland Signature 5W-30 Full Synthetic Motor Oil, 5-quart, 2-pack",1738,https://www.costco.com/kirkland-signature-5w-30-full-synthetic-motor-oil-5-quart-2-pack.product.100527865.html
100529948,"Nature's Way Sambucus Elderberry with Vitamin C and Zinc, 120 Gummies",1738,https://www.costco.com/natures-way-sambucus-elderberry-with-vitamin-c-and-zinc-120-gummies.product.100529948.html
100540273,"Command Large Picture Hanging Strips, 34 Pairs, 68 Strips",1738,https://www.costco.com/command-large-picture-hanging-strips-34-pairs-68-strips.product.100540273.html
100603957,"Ruprecht's Irish Beef Stew, 3.09 lb avg wt",1738,https://www.costco.com/.product.100603957.html
100616771,The Honey Baked Ham Co. Two $50 Mailed Gift Cards ($100 Value),1738,https://www.costco.com/the-honey-baked-ham-co-two-50-mailed-gift-cards-100-value.product.100616771.html
100644611,"Trunature Ginkgo Biloba 120mg, 340 Softgels",1738,https://www.costco.com/trunature-ginkgo-biloba-120mg-340-softgels.product.100644611.html
100660835,"Amylu Paleo Andouille Chicken Sausages, 16-count",1738,https://www.costco.com/.product.100660835.html
100678859,"Nature Made Super C with Vitamin D3 and Zinc, 200 Tablets",1738,https://www.costco.com/nature-made-super-c-with-vitamin-d3-and-zinc-200-tablets.product.100678859.html
100683465,LG WashTower Single Unit ELECTRIC with Center Control 4.5 cu. ft. Front Load Washer and 7.4 cu. ft. Dryer with TurboSteam,1738,https://www.costco.com/lg-washtower-single-unit-electric-with-center-control-45-cu-ft-front-load-washer-and-74-cu-ft-dryer-with-turbosteam.product.100683465.html
100685835,Premier 21oz 4-Wick Candle,1738,https://www.costco.com/.product.100685835.html
100688338,"Sealy Sterling Collection Down-Alternative Pillow, 2-pack",1738,https://www.costco.com/sealy-sterling-collection-down-alternative-pillow-2-pack.product.100688338.html
100703882,Hotel Grand White Down Comforter,1738,https://www.costco.com/hotel-grand-white-down-comforter.product.100703882.html
100709716,"Frontline Plus Flea and Tick Dog Treatment 23-44 lb, 7+1 Doses",1738,https://www.costco.com/frontline-plus-flea-and-tick-dog-treatment-23-44-lb-71-doses.product.100709716.html
100709736,"Frontline Plus Flea and Tick Dog Treatment 5-22 lb, 7+1 Doses",1738,https://www.costco.com/frontline-plus-flea-and-tick-dog-treatment-5-22-lb-71-doses.product.100709736.html
100710004,"Frontline Plus Flea and Tick Dog Treatment 45-88 lb, 7+1 Doses",1738,https://www.costco.com/frontline-plus-flea-and-tick-dog-treatment-45-88-lb-71-doses.product.100710004.html
100713183,"Round Brilliant 1.40 ctw VS2 Clarity, I Color Diamond 14kt White Gold Push Lock Stud Earrings",1738,https://www.costco.com/round-brilliant-140-ctw-vs2-clarity-i-color-diamond-14kt-white-gold-push-lock-stud-earrings.product.100713183.html
100734254,"Casio G-Shock Mudmaster Men's Quartz Watch, 54.9mm",1738,https://www.costco.com/casio-g-shock-mudmaster-mens-quartz-watch-549mm.product.100734254.html
100734776,"Frontline Plus Flea and Tick Dog Treatment 89-132 lb, 7+1 Doses",1738,https://www.costco.com/frontline-plus-flea-and-tick-dog-treatment-89-132-lb-71-doses.product.100734776.html
100756366,"Round Brilliant 1.50 ctw VS2 Clarity, I Color Diamond 14kt White Gold Dangle Earrings",1738,https://www.costco.com/round-brilliant-150-ctw-vs2-clarity-i-color-diamond-14kt-white-gold-dangle-earrings.product.100756366.html
100775649,"Children's Motrin Dye-Free Berry Flavor Suspension, Fever Reducer & Pain Relief, 12 Fluid Ounces",1738,https://www.costco.com/childrens-motrin-dye-free-berry-flavor-suspension-fever-reducer--pain-relief-12-fluid-ounces.product.100775649.html
100780568,"Round Brilliant 0.35 ctw VS2 Clarity, I Color Diamond 14kt Gold Hoop Earrings",1738,https://www.costco.com/round-brilliant-035-ctw-vs2-clarity-i-color-diamond-14kt-gold-hoop-earrings.product.100780568.html
100801219,"Kirkland Signature Baby Wipes Fragrance Free, 900-count",1738,https://www.costco.com/kirkland-signature-baby-wipes-fragrance-free-900-count.product.100801219.html
100805475,"Kirkland Signature, Organic Fruit and Vegetable Pouches, Variety Pack, 3.17 oz, 24-count",1738,https://www.costco.com/kirkland-signature-organic-fruit-and-vegetable-pouches-variety-pack-317-oz-24-count.product.100805475.html
100815606,"W+L 11oz Scented Candles, 3-pack",1738,https://www.costco.com/.product.100815606.html
100816657,"Invicta Bolt Stainless Steel Chronograph Men's Quartz Watch, 51mm",1738,https://www.costco.com/invicta-bolt-stainless-steel-chronograph-mens-quartz-watch-51mm.product.100816657.html
100823223,"Peet's Organic Dark French Roast Ground Coffee, 32 oz",1738,https://www.costco.com/peets-organic-dark-french-roast-ground-coffee-32-oz.product.100823223.html
100838393,"Scotts EZ Seed Patch & Repair Bermudagrass, 25 lb",1738,https://www.costco.com/scotts-ez-seed-patch--repair-bermudagrass-25-lb.product.100838393.html
100851125,"Similac 360 Total Care Sensitive with 5 HMO's, Non-GMO Infant Formula Powder, 40 oz",1738,https://www.costco.com/similac-360-total-care-sensitive-with-5-hmos-non-gmo-infant-formula-powder-40-oz.product.100851125.html
100852045,"Similac 360 Total Care with 5 HMO's, Non-GMO Infant Formula Powder, 40 oz",1738,https://www.costco.com/similac-360-total-care-with-5-hmos-non-gmo-infant-formula-powder-40-oz.product.100852045.html
100915138,Amara Organic Yogurt Smoothie Melts 4 (1 oz.) Bags Per Box,1738,https://www.costco.com/amara-organic-yogurt-smoothie-melts-4-1-oz-bags-per-box.product.100915138.html
100978861,"Folgers Classic Roast Ground Coffee, Medium, 43.5 oz",1738,https://www.costco.com/folgers-classic-roast-ground-coffee-medium-435-oz.product.100978861.html
100980516,"Kirkland Signature Premium Blend BBQ Hardwood Pellets, 40 lb",1738,https://www.costco.com/kirkland-signature-premium-blend-bbq-hardwood-pellets-40-lb.product.100980516.html
100983956,"Seiko Essentials Green Sunray Dial Men's Quartz Watch, 40.2mm",1738,https://www.costco.com/seiko-essentials-green-sunray-dial-mens-quartz-watch-402mm.product.100983956.html
100986874,"Kirkland Signature Pate Cat Food Variety Pack, 3.5 oz, 45-count",1738,https://www.costco.com/kirkland-signature-pate-cat-food-variety-pack-35-oz-45-count.product.100986874.html
100989077,"Kirkland Signature Omeprazole 20 mg., 42 Tablets",1738,https://www.costco.com/kirkland-signature-omeprazole-20-mg-42-tablets.product.100989077.html
1018790,"Brazi Bites Brazilian Cheddar & Parmesan Cheese Bread, 62-count",1738,https://www.costco.com/.product.1018790.html
1024662,Apple Pencil (1st Generation),1738,https://www.costco.com/.product.1024662.html
11072245,"Kirkland Signature Fish Oil 1000 mg, 400 Softgels",1738,https://www.costco.com/kirkland-signature-fish-oil-1000-mg-400-softgels.product.11072245.html
11312465,"Kirkland Signature Aller-Tec, 365 Tablets",1738,https://www.costco.com/kirkland-signature-aller-tec-365-tablets.product.11312465.html
11318658,"Refresh Plus Preservative-Free Lubricant Eye Drops, 100 Single Use Containers",1738,https://www.costco.com/refresh-plus-preservative-free-lubricant-eye-drops-100-single-use-containers.product.11318658.html
11590056,"Refresh Tears Lubricant Eye Drops Multi-Pack, 65 ml.",1738,https://www.costco.com/refresh-tears-lubricant-eye-drops-multi-pack-65-ml.product.11590056.html
11602332,"Kirkland Signature Non-Drowsy AllerClear Antihistamine 10 mg., 365 Tablets",1738,https://www.costco.com/kirkland-signature-non-drowsy-allerclear-antihistamine-10-mg-365-tablets.product.11602332.html
11661861,"Nature Made Super B-Complex, 460 Tablets",1738,https://www.costco.com/nature-made-super-b-complex-460-tablets.product.11661861.html
11748462,"Tylenol Extra Strength Acetaminophen 500 mg, Pain & Fever Relief, 290 Rapid Release Gelcap Tablets",1738,https://www.costco.com/tylenol-extra-strength-acetaminophen-500-mg-pain--fever-relief-290-rapid-release-gelcap-tablets.product.11748462.html
11754668,"Natrol JuiceFestiv Daily Fruit & Veggie, 240 Capsules",1738,https://www.costco.com/natrol-juicefestiv-daily-fruit--veggie-240-capsules.product.11754668.html
11756709,"Amlactin Moisturizing Body Lotion with 12% Lactic Acid, 20 oz",1738,https://www.costco.com/amlactin-moisturizing-body-lotion-with-12-lactic-acid-20-oz.product.11756709.html
13702,"Ruprecht's Irish Beef Stew, 3.09 lb avg wt",1738,https://www.costco.com/.product.13702.html
1448891,"Tyson Chicken Breast Strips, Rotisserie Seasoned, 48 oz",1738,https://www.costco.com/.product.1448891.html
1451835,"Amylu Paleo Andouille Chicken Sausages, 16-count",1738,https://www.costco.com/.product.1451835.html
1476909,LG WashTower Single Unit ELECTRIC with Center Control 4.5 cu. ft. Front Load Washer and 7.4 cu. ft. Dryer in White,1738,https://www.costco.com/.product.1476909.html
1476914,LG WashTower Single Unit ELECTRIC with Center Control 4.5 cu. ft. Front Load Washer and 7.4 cu. ft. Dryer in Black Stainless Steel,1738,https://www.costco.com/.product.1476914.html
1479233,"Premier 21oz 4-Wick Candle, Pink",1738,https://www.costco.com/.product.1479233.html
1479236,"Premier 21oz 4-Wick Candle, Green",1738,https://www.costco.com/.product.1479236.html
1612212,"W+L 11oz Scented Candles, 3 pack",1738,https://www.costco.com/.product.1612212.html
1645948,Parks 5-piece Counter Height Dining Set,1738,https://www.costco.com/.product.1645948.html
1645949,Baxter 5-piece Dining Set,1738,https://www.costco.com/.product.1645949.html
1695493,"Harrison Dining Chair, 2-pack, Black",1738,https://www.costco.com/.product.1695493.html
1695494,"Harrison Dining Chair, 2-pack, Tan",1738,https://www.costco.com/.product.1695494.html
1713510,Agio Menorca 4-piece Outdoor Patio Deep Seating Set,1738,https://www.costco.com/.product.1713510.html
1751684,Samsung 51 dBA Fingerprint Resistant Top Control Dishwasher with AutoRelease and 3rd Rack,1738,https://www.costco.com/.product.1751684.html
1752630,Lathan 7-piece Dining Table Set,1738,https://www.costco.com/.product.1752630.html
1765110,"Kenneth Cole Youth Dress Shirt, 8",1738,https://www.costco.com/.product.1765110.html
1765111,"Kenneth Cole Youth Dress Shirt, 10",1738,https://www.costco.com/.product.1765111.html
1765112,"Kenneth Cole Youth Dress Shirt, 12",1738,https://www.costco.com/.product.1765112.html
1765113,"Kenneth Cole Youth Dress Shirt, 14",1738,https://www.costco.com/.product.1765113.html
1765114,"Kenneth Cole Youth Dress Shirt, 16",1738,https://www.costco.com/.product.1765114.html
1772000,"Magic Keyboard for iPad Pro 11‑inch (M4) - US English, Silver",1738,https://www.costco.com/.product.1772000.html
1782973,Mercer Dining Table and 8 Chairs,1738,https://www.costco.com/.product.1782973.html
1796153,Neatfreak 3-Tier Extra-Wide Rolling Cart,1738,https://www.costco.com/.product.1796153.html
1805402,"Samsung Bespoke AI All-in-One Washer Dryer Combo 5.3 cu. ft. Ultra Capacity Washer and VENTLESS Heat Pump Dryer, Dark Steel",1738,https://www.costco.com/.product.1805402.html
1812589,Dayna 4-piece Fabric Modular Sectional,1738,https://www.costco.com/.product.1812589.html
1849835,"iPad Pro 11-inch, 256GB Wi-Fi (M5 chip) Built For Apple Intelligence, Silver",1738,https://www.costco.com/.product.1849835.html
1861736,Westen Dining Table and 6 Chairs,1738,https://www.costco.com/.product.1861736.html
1862032,Portalis Dining Table and 6 Chairs,1738,https://www.costco.com/.product.1862032.html
1862033,Alpine Loft Dining Table and 6 Chairs,1738,https://www.costco.com/.product.1862033.html
1862117,Lathan 48” Round Dining Table and 4 Chairs,1738,https://www.costco.com/.product.1862117.html
1862118,Mendocino Dining Table and 8 Chairs,1738,https://www.costco.com/.product.1862118.html
1862119,Augusta Dining Table and 6 Chairs,1738,https://www.costco.com/.product.1862119.html
1862120,"Ophelia Counter Height Stool, Set of 2",1738,https://www.costco.com/.product.1862120.html
1875756,"SeroVital Skin Revive, 240-count",1738,https://www.costco.com/.product.1875756.html
1889400,"GE Profile 23.2 cu. ft. Counter Depth 4-Door French Door Refrigerator with Internal AutoFill Pitcher, WiFi",1738,https://www.costco.com/.product.1889400.html
1890281,"Kirkland Signature Heavy Duty Diesel 15W40 Synblen, 1 gal, 3-count",1738,https://www.costco.com/.product.1890281.html
1930531,"Sukhi's Indian Butter Chicken Prepared Meal, 18 oz, 2-count",1738,https://www.costco.com/.product.1930531.html
1932095,"Giovanni Rana French Onion-style Ravioli Bake Kit with Beef Sauce, 35 oz",1738,https://www.costco.com/.product.1932095.html
1932497,"Samsung Bespoke AI All-in-One Washer Dryer Combo 5.3 cu. ft. Ultra Capacity Washer and VENTLESS Heat Pump Dryer, Brushed Black",1738,https://www.costco.com/.product.1932497.html
1932536,"Samsung Bespoke AI All-in-One Washer Dryer Combo 5.3 cu. ft. Ultra Capacity Washer and VENTLESS Heat Pump Dryer, Ivory",1738,https://www.costco.com/.product.1932536.html
1933896,"SunVilla 13ft. Round 3-Tier Cantilever Umbrella, Tan",1738,https://www.costco.com/.product.1933896.html
1933937,"SunVilla Julia Woven Chaise Lounge 2-pack, Gray",1738,https://www.costco.com/.product.1933937.html
1933997,Thomasville Dillard 3-piece Convertible Outdoor Patio Sectional,1738,https://www.costco.com/.product.1933997.html
1934061,SunVilla Anchor 9-piece Outdoor Patio Dining Set with Folding Chairs,1738,https://www.costco.com/.product.1934061.html
1934157,"SunVilla Julia Woven Chaise Lounge 2-pack, Brown",1738,https://www.costco.com/.product.1934157.html
1934171,"SunVilla 13ft. Round 3-Tier Cantilever Umbrella, Blue",1738,https://www.costco.com/.product.1934171.html
1938489,"Bellevue Embossed Glass 12 oz. Candle, 4-pack",1738,https://www.costco.com/.product.1938489.html
1943046,"iPad Pro 13-inch, 256GB Wi-Fi (M5 chip) Built For Apple Intelligence, Silver",1738,https://www.costco.com/.product.1943046.html
1960747,"Bosch 800 Series Top Control Dishwasher with CrystalDry and TimeLight, 42dBA",1738,https://www.costco.com/.product.1960747.html
1974664,"KitchenAid 24 in. Top Control Built-In PrintShield Stainless Steel Dishwasher with Ultra-Bright LED Lighting, 44 dBA",1738,https://www.costco.com/.product.1974664.html
1983640,LumiPur 6-piece Flameless LED Candles Design Series Glass with Remote,1738,https://www.costco.com/.product.1983640.html
1987603,Ashton Counter Height Dining Table and 8 Chairs,1738,https://www.costco.com/.product.1987603.html
1987608,Avondale Dining Table and 6 Chairs,1738,https://www.costco.com/.product.1987608.html
1987646,Hartford Dining Table and 6 Chairs,1738,https://www.costco.com/.product.1987646.html
1987657,"Hawthorne 3-piece Fabric Sectional with Ottoman, Brown",1738,https://www.costco.com/.product.1987657.html
1999435,"Weber Genesis C-435S Gas Grill, Liquid Propane",1738,https://www.costco.com/.product.1999435.html
2024965,"Disney Youth Varsity Jacket, X-Small (5/6)",1738,https://www.costco.com/.product.2024965.html
2024966,"Disney Youth Varsity Jacket, Small (7/8)",1738,https://www.costco.com/.product.2024966.html
2024967,"Disney Youth Varsity Jacket, Medium (10/12)",1738,https://www.costco.com/.product.2024967.html
2024968,"Disney Youth Varsity Jacket, Large (14/16)",1738,https://www.costco.com/.product.2024968.html
2024969,"Disney Youth Varsity Jacket, X-Large (18/20)",1738,https://www.costco.com/.product.2024969.html
2024970,"Disney Youth Hooded Varsity Jacket, X-Small (5/6)",1738,https://www.costco.com/.product.2024970.html
2024971,"Disney Youth Hooded Varsity Jacket, Small (7/8)",1738,https://www.costco.com/.product.2024971.html
2024972,"Disney Youth Hooded Varsity Jacket, Medium (10/12)",1738,https://www.costco.com/.product.2024972.html
2024973,"Disney Youth Hooded Varsity Jacket, Large (14/16)",1738,https://www.costco.com/.product.2024973.html
2024974,"Disney Youth Hooded Varsity Jacket, X-Large (18/20)",1738,https://www.costco.com/.product.2024974.html
2027845,"Design Optics by Foster Grant +1.25 #669 Upsweep Cateye Reading Glasses, 3- pack",1738,https://www.costco.com/.product.2027845.html
2037327,"Alani Nu Energy Drink, Cotton Candy Variety Pack, 12 fl oz, 18-count",1738,https://www.costco.com/.product.2037327.html
2042803,"iPad Air 11-inch, 128GB Wi-Fi (M4 chip) Built For Apple Intelligence, Starlight",1738,https://www.costco.com/.product.2042803.html
2042804,"iPad Air 11-inch, 128GB Wi-Fi (M4 chip) Built For Apple Intelligence, Blue",1738,https://www.costco.com/.product.2042804.html
2042805,"iPad Air 11-inch, 128GB Wi-Fi (M4 chip) Built For Apple Intelligence, Purple",1738,https://www.costco.com/.product.2042805.html
2042812,"iPad Air 13-inch, 128GB Wi-Fi (M4 chip) Built For Apple Intelligence, Starlight",1738,https://www.costco.com/.product.2042812.html
2042813,"iPad Air 13-inch, 128GB Wi-Fi (M4 chip) Built For Apple Intelligence, Blue",1738,https://www.costco.com/.product.2042813.html
2042814,"iPad Air 13-inch, 128GB Wi-Fi (M4 chip) Built For Apple Intelligence, Purple",1738,https://www.costco.com/.product.2042814.html
4000025085,"Sports Research D3 + K2, 160 Veggie Softgels",1738,https://www.costco.com/sports-research-d3--k2-160-veggie-softgels.product.4000025085.html
4000027517,"Herodog Outer Armor Durable Dog Toys, 3-pack",1738,https://www.costco.com/herodog-outer-armor-durable-dog-toys-3-pack.product.4000027517.html
4000036684,"Enfamil NeuroPro Care Gentlease Formula, 20 oz, 2-pack",1738,https://www.costco.com/enfamil-neuropro-care-gentlease-formula-20-oz-2-pack.product.4000036684.html
4000042060,"Kirkland Signature Canned Dog Food, 13.2 oz, 24-count",1738,https://www.costco.com/kirkland-signature-canned-dog-food-132-oz-24-count.product.4000042060.html
4000042766,"Qunol Ultra CoQ10 100 mg., 180 Softgels",1738,https://www.costco.com/qunol-ultra-coq10-100-mg-180-softgels.product.4000042766.html
4000095951,"Invicta Bolt Stainless Steel Women's Quartz Watch, 36.5mm",1738,https://www.costco.com/invicta-bolt-stainless-steel-womens-quartz-watch-365mm.product.4000095951.html
4000116300,Roundup Dual Action Weed and Grass Killer Plus 4 Month Preventer with Easy Mix Refill,1738,https://www.costco.com/roundup-dual-action-weed-and-grass-killer-plus-4-month-preventer-with-easy-mix-refill.product.4000116300.html
4000147442,"Kirkland Signature Coffee Organic Pacific Bold K-Cup Pod, 120-count",1738,https://www.costco.com/kirkland-signature-coffee-organic-pacific-bold-k-cup-pod-120-count.product.4000147442.html
4000154348,Parks 5-piece Counter Height Dining Table Set,1738,https://www.costco.com/.product.4000154348.html
4000156724,Baxter 5-piece Dining Table Set,1738,https://www.costco.com/.product.4000156724.html
4000187059,"Round Brilliant 1.00 ctw VS2 Clarity, I Color Diamond 14kt Gold Hoop Earrings",1738,https://www.costco.com/round-brilliant-100-ctw-vs2-clarity-i-color-diamond-14kt-gold-hoop-earrings.product.4000187059.html
4000187587,"Round Brilliant 0.80 ctw VS2 Clarity, I Color Solitaire Diamond 14kt White Gold Stud Earrings",1738,https://www.costco.com/round-brilliant-080-ctw-vs2-clarity-i-color-solitaire-diamond-14kt-white-gold-stud-earrings.product.4000187587.html
4000188770,"Round Brilliant 1.00 ctw VS2 Clarity, I Color Diamond 14kt Yellow Gold Huggie Hoop Earrings",1738,https://www.costco.com/round-brilliant-100-ctw-vs2-clarity-i-color-diamond-14kt-yellow-gold-huggie-hoop-earrings.product.4000188770.html
4000191177,"Seiko Essentials Two Tone Mother of Pearl Dial Women's Quartz Watch, 29.8mm",1738,https://www.costco.com/seiko-essentials-two-tone-mother-of-pearl-dial-womens-quartz-watch-298mm.product.4000191177.html
4000199926,"Round Brilliant 0.25 ctw VS2 Clarity, I Color Diamond 14kt Gold Hoop Earrings",1738,https://www.costco.com/round-brilliant-025-ctw-vs2-clarity-i-color-diamond-14kt-gold-hoop-earrings.product.4000199926.html
4000204559,Agio Menorca 4-piece Outdoor Patio Deep Seating Set,1738,https://www.costco.com/agio-menorca-4-piece-outdoor-patio-deep-seating-set.product.4000204559.html
4000205144,"AllerEase Organic Cotton Top Allergy Protection Pillow, 2-pack",1738,https://www.costco.com/allerease-organic-cotton-top-allergy-protection-pillow-2-pack.product.4000205144.html
4000206163,"Harrison Dining Chair, 2-pack",1738,https://www.costco.com/.product.4000206163.html
4000206526,"Blue Buffalo Life Protection Formula Chicken and Brown Rice Recipe Dog Food, 38 lbs",1738,https://www.costco.com/blue-buffalo-life-protection-formula-chicken-and-brown-rice-recipe-dog-food-38-lbs.product.4000206526.html
4000207473,Kenneth Cole Youth Dress Shirt,1738,https://www.costco.com/.product.4000207473.html
4000212863,"Round Brilliant 0.30 ctw VS2 Clarity, I Color Diamond 14kt Gold Hoop Earrings",1738,https://www.costco.com/round-brilliant-030-ctw-vs2-clarity-i-color-diamond-14kt-gold-hoop-earrings.product.4000212863.html
4000215513,"Round Brilliant 0.24 ctw VS2 Clarity, I Color Diamond 14kt Gold Two Tone Band",1738,https://www.costco.com/round-brilliant-024-ctw-vs2-clarity-i-color-diamond-14kt-gold-two-tone-band.product.4000215513.html
4000218386,"Round Brilliant 0.10 ctw VS2 Clarity, I Color Diamond 14kt White Gold Heart Earrings",1738,https://www.costco.com/round-brilliant-010-ctw-vs2-clarity-i-color-diamond-14kt-white-gold-heart-earrings.product.4000218386.html
4000221416,SunVilla Havana 4-piece Fire Pit Outdoor Patio Seating Set,1738,https://www.costco.com/sunvilla-havana-4-piece-fire-pit-outdoor-patio-seating-set.product.4000221416.html
4000223033,Lathan 7-piece Dining Table Set,1738,https://www.costco.com/.product.4000223033.html
4000225058,"Kirkland Signature Chunks in Gravy, Canned Cat Food Variety Pack, 3 oz, 48-count",1738,https://www.costco.com/kirkland-signature-chunks-in-gravy-canned-cat-food-variety-pack-3-oz-48-count.product.4000225058.html
4000225384,"Freshpet Deli Fresh Dog Food, Chicken Recipe, 1.5 lbs, 6-rolls",1738,https://www.costco.com/freshpet-deli-fresh-dog-food-chicken-recipe-15-lbs-6-rolls.product.4000225384.html
4000225756,CORE 13 ft. x 13 ft. Instant Pop-up Canopy,1738,https://www.costco.com/core-13-ft-x-13-ft-instant-pop-up-canopy.product.4000225756.html
4000226905,"Bulova Classic Two Tone Stainless Steel Quartz Men's Watch, 39mm",1738,https://www.costco.com/bulova-classic-two-tone-stainless-steel-quartz-mens-watch-39mm.product.4000226905.html
4000231504,"Princess Cut 0.73 ctw VS2 Clarity, G Color Diamond 14kt Gold Stud Earrings",1738,https://www.costco.com/princess-cut-073-ctw-vs2-clarity-g-color-diamond-14kt-gold-stud-earrings.product.4000231504.html
4000232205,"Kirkland Signature House Blend Whole Bean Coffee, Medium Roast, 2.5 lbs",1738,https://www.costco.com/kirkland-signature-house-blend-whole-bean-coffee-medium-roast-25-lbs.product.4000232205.html
4000234847,Samsung 51 dBA Fingerprint Resistant Top Control Dishwasher with AutoRelease and 3rd Rack,1738,https://www.costco.com/samsung-51-dba-fingerprint-resistant-top-control-dishwasher-with-autorelease-and-3rd-rack.product.4000234847.html
4000235947,Thomasville Dillard 3-piece Convertible Outdoor Patio Sectional,1738,https://www.costco.com/thomasville-dillard-3-piece-convertible-outdoor-patio-sectional.product.4000235947.html
4000240239,"Scotts MAX Southern Weed & Feed, 12,000 Sq. Ft.",1738,https://www.costco.com/scotts-max-southern-weed--feed-12000-sq-ft.product.4000240239.html
4000242669,"Round Brilliant 1.00 ctw VS2 Clarity, I Color Diamond 14kt White Gold Stud Earrings",1738,https://www.costco.com/round-brilliant-100-ctw-vs2-clarity-i-color-diamond-14kt-white-gold-stud-earrings.product.4000242669.html
4000249674,"Qunol Turmeric 1500 mg, 220 Capsules",1738,https://www.costco.com/qunol-turmeric-1500-mg-220-capsules.product.4000249674.html
4000250894,"Kirkland Signature Pate Wet Dog Food Variety Pack, 3.5 oz, 45-count",1738,https://www.costco.com/kirkland-signature-pate-wet-dog-food-variety-pack-35-oz-45-count.product.4000250894.html
4000256329,"eos Natural USDA Organic Lip Balm, 9 Sticks",1738,https://www.costco.com/eos-natural-usda-organic-lip-balm-9-sticks.product.4000256329.html
4000256470,Samsung Bespoke AI All-in-One Washer Dryer Combo 5.3 cu. ft. Ultra Capacity Washer and VENTLESS Heat Pump Dryer,1738,https://www.costco.com/samsung-bespoke-ai-all-in-one-washer-dryer-combo-53-cu-ft-ultra-capacity-washer-and-ventless-heat-pump-dryer.product.4000256470.html
4000265185,"Caribou Coffee Caribou Blend K-Cup Pod, 80-count",1738,https://www.costco.com/caribou-coffee-caribou-blend-k-cup-pod-80-count.product.4000265185.html
4000265204,Mercer Dining Table and 8 Chairs,1738,https://www.costco.com/.product.4000265204.html
4000265359,"The Original Donut Shop Coffee K-Cup Pod, 80-count",1738,https://www.costco.com/the-original-donut-shop-coffee-k-cup-pod-80-count.product.4000265359.html
4000268676,"Round Brilliant 1.50 ctw VS2 Clarity, G Color Diamond 14kt White Gold Hoop Earrings",1738,https://www.costco.com/round-brilliant-150-ctw-vs2-clarity-g-color-diamond-14kt-white-gold-hoop-earrings.product.4000268676.html
4000269171,"Round Brilliant 0.80 ctw VS2 Clarity, G Color Diamond 14kt White Gold Dangle Earrings",1738,https://www.costco.com/round-brilliant-080-ctw-vs2-clarity-g-color-diamond-14kt-white-gold-dangle-earrings.product.4000269171.html
4000275820,"Casio Pro Trek Men's Quartz Watch, 51.5mm",1738,https://www.costco.com/casio-pro-trek-mens-quartz-watch-515mm.product.4000275820.html
4000276531,"Round Brilliant 1.00 ctw VS2 Clarity, I Color Diamond 14kt White Gold Dangle Earrings",1738,https://www.costco.com/round-brilliant-100-ctw-vs2-clarity-i-color-diamond-14kt-white-gold-dangle-earrings.product.4000276531.html
4000276544,"Round Brilliant 0.60 ctw VS2 Clarity, I Color Diamond 14kt White Gold Flower Earrings",1738,https://www.costco.com/round-brilliant-060-ctw-vs2-clarity-i-color-diamond-14kt-white-gold-flower-earrings.product.4000276544.html
4000276983,"Bulova Two Tone Stainless Steel Quartz Women's Watch, 28mm",1738,https://www.costco.com/bulova-two-tone-stainless-steel-quartz-womens-watch-28mm.product.4000276983.html
4000277848,Kohler 47L Step Trash Can,1738,https://www.costco.com/kohler-47l-step-trash-can.product.4000277848.html
4000280764,HP Color LaserJet Pro MFP 3301cdw Wireless All-in-One Printer,1738,https://www.costco.com/hp-color-laserjet-pro-mfp-3301cdw-wireless-all-in-one-printer.product.4000280764.html
4000281005,"Invicta Racing Black Stainless Steel Case Men's Quartz Watch, 47mm",1738,https://www.costco.com/invicta-racing-black-stainless-steel-case-mens-quartz-watch-47mm.product.4000281005.html
4000281387,Copper Bullet Pocket-hose,1738,https://www.costco.com/copper-bullet-pocket-hose.product.4000281387.html
4000281974,"La Colombe Draft Latte Cold Brew Coffee, Variety Pack, 9 fl oz, 12-count",1738,https://www.costco.com/la-colombe-draft-latte-cold-brew-coffee-variety-pack-9-fl-oz-12-count.product.4000281974.html
4000308813,"SeroVital Skin Revive, 240-count",1738,https://www.costco.com/.product.4000308813.html
4000310896,Dayna 4-piece Fabric Modular Sectional,1738,https://www.costco.com/dayna-4-piece-fabric-modular-sectional.product.4000310896.html
4000315371,Meguiar's Classic Tire Shine Shine 15oz 3-Pack,1738,https://www.costco.com/meguiars-classic-tire-shine-shine-15oz-3-pack.product.4000315371.html
4000317768,"Aveeno Baby Moisture Set, 2 Wash & Shampoo + Lotion, 44 fl oz",1738,https://www.costco.com/aveeno-baby-moisture-set-2-wash--shampoo--lotion-44-fl-oz.product.4000317768.html
4000320120,"GE Profile 23.2 cu. ft. Counter Depth 4-Door French Door Refrigerator with Internal AutoFill Pitcher, WiFi",1738,https://www.costco.com/ge-profile-232-cu-ft-counter-depth-4-door-french-door-refrigerator-with-internal-autofill-pitcher-wifi.product.4000320120.html
4000322199,"T-fal Ceramic Non-Stick Frypan Set, 3-piece",1738,https://www.costco.com/t-fal-ceramic-non-stick-frypan-set-3-piece.product.4000322199.html
4000322307,"Philipp Plein Spectre Chronograph Gold Tone Quartz Men's Watch, 44mm",1738,https://www.costco.com/philipp-plein-spectre-chronograph-gold-tone-quartz-mens-watch-44mm.product.4000322307.html
4000326645,"Sealy Sterling Huggable Pillow Standard, 2-pack",1738,https://www.costco.com/sealy-sterling-huggable-pillow-standard-2-pack.product.4000326645.html
4000327076,Graco 4Ever DLX Grad 5-in-1 Car Seat,1738,https://www.costco.com/graco-4ever-dlx-grad-5-in-1-car-seat.product.4000327076.html
4000328476,"Temptations Cat Treats Variety Pack, 16 oz, 3-count",1738,https://www.costco.com/temptations-cat-treats-variety-pack-16-oz-3-count.product.4000328476.html
4000329435,Neatfreak 3-Tier Extra-Wide Rolling Cart,1738,https://www.costco.com/.product.4000329435.html
4000338568,Westen Dining Table and 6 Chairs,1738,https://www.costco.com/.product.4000338568.html
4000346103,"Round Brilliant 1.00 ctw VS2 Clarity, I Color Diamond 14kt White Gold Earrings",1738,https://www.costco.com/round-brilliant-100-ctw-vs2-clarity-i-color-diamond-14kt-white-gold-earrings.product.4000346103.html
4000346461,Nextbase Piqo 2K Dashcam with 64GB MicroSD Card and Piqo Quick Connect Cable,1738,https://www.costco.com/nextbase-piqo-2k-dashcam-with-64gb-microsd-card-and-piqo-quick-connect-cable.product.4000346461.html
4000346686,"Kirkland Signature 5W-30 High Mileage Full Synthetic Motor Oil, 5-Quart 2-pack",1738,https://www.costco.com/kirkland-signature-5w-30-high-mileage-full-synthetic-motor-oil-5-quart-2-pack.product.4000346686.html
4000346776,"Kirkland Signature Heavy Duty Diesel 15W40 Synblen, 1 gal, 3-count",1738,https://www.costco.com/kirkland-signature-heavy-duty-diesel-15w40-synblen-1-gal-3-count.product.4000346776.html
4000349934,Epson EcoTank ET-2988 Wireless SuperTank Printer - White,1738,https://www.costco.com/epson-ecotank-et-2988-wireless-supertank-printer---white.product.4000349934.html
4000350943,Huggies Plus Diapers Sizes 3 - 7,1738,https://www.costco.com/huggies-plus-diapers-sizes-3---7.product.4000350943.html
4000353979,"Sukhi's Indian Butter Chicken Prepared Meal, 18 oz, 2-count",1738,https://www.costco.com/.product.4000353979.html
4000355722,"Giovanni Rana French Onion-style Ravioli Bake Kit with Beef Sauce, 35 oz",1738,https://www.costco.com/.product.4000355722.html
4000361179,Huggies Pull-Ups Plus Training Pants Unisex,1738,https://www.costco.com/huggies-pull-ups-plus-training-pants-unisex.product.4000361179.html
4000361281,"SINGER Heavy Duty 8832 Sewing Machine, Black",1738,https://www.costco.com/singer-heavy-duty-8832-sewing-machine-black.product.4000361281.html
4000361733,"Vulcan Nitrile Gloves, Medium, Indigo",1738,https://www.costco.com/vulcan-nitrile-gloves-medium-indigo.product.4000361733.html
4000361758,"Vulcan Nitrile Gloves, Large, Indigo",1738,https://www.costco.com/vulcan-nitrile-gloves-large-indigo.product.4000361758.html
4000361814,"Vulcan Nitrile Gloves, XL, Indigo",1738,https://www.costco.com/vulcan-nitrile-gloves-xl-indigo.product.4000361814.html
4000364641,"Epson EcoTank ET-3958 Wireless All-in-One Color Supertank Printer, White",1738,https://www.costco.com/epson-ecotank-et-3958-wireless-all-in-one-color-supertank-printer-white.product.4000364641.html
4000372336,"Bellevue Embossed Glass 12 oz. Candle, 4-pack",1738,https://www.costco.com/.product.4000372336.html
4000376082,"Nescafé Blonde Gold Instant Espresso, 7 oz",1738,https://www.costco.com/nescaf-blonde-gold-instant-espresso-7-oz.product.4000376082.html
4000377517,"Sports Research Vitamin B Complex, 180 Veggie Soft Gels",1738,https://www.costco.com/sports-research-vitamin-b-complex-180-veggie-soft-gels.product.4000377517.html
4000384289,Skylight 27” Calendar Max Classic Bundle,1738,https://www.costco.com/skylight-27-calendar-max-classic-bundle.product.4000384289.html
4000386542,"Qunol Brain Health Memory Plus, 100 Count",1738,https://www.costco.com/qunol-brain-health-memory-plus-100-count.product.4000386542.html
4000392432,"KitchenAid 24 in. Top Control Built-In PrintShield Stainless Steel Dishwasher with Ultra-Bright LED Lighting, 44 dBA",1738,https://www.costco.com/kitchenaid-24-in-top-control-built-in-printshield-stainless-steel-dishwasher-with-ultra-bright-led-lighting-44-dba.product.4000392432.html
4000393086,"Solar LED Flamingo Pair, Set of 2",1738,https://www.costco.com/solar-led-flamingo-pair-set-of-2.product.4000393086.html
4000395754,Thomasville Elko 3-piece Outdoor Patio Swivel Glider Recliner Set,1738,https://www.costco.com/thomasville-elko-3-piece-outdoor-patio-swivel-glider-recliner-set.product.4000395754.html
4000396564,Alpine Loft Dining Table and 6 Chairs,1738,https://www.costco.com/.product.4000396564.html
4000396579,Portalis Dining Table and 6 Chairs,1738,https://www.costco.com/.product.4000396579.html
4000399353,TIKI Brand 25 Inch Celebration Smokeless Fire Pit,1738,https://www.costco.com/tiki-brand-25-inch-celebration-smokeless-fire-pit.product.4000399353.html
4000399984,LumiPur 6-piece Flameless LED Candles Design Series Glass with Remote,1738,https://www.costco.com/.product.4000399984.html
4000406458,Ninja Fireside360 Outdoor Heater & Fire Pit and Top Cover Bundle,1738,https://www.costco.com/ninja-fireside360-outdoor-heater--fire-pit-and-top-cover-bundle.product.4000406458.html
4000407757,SunVilla Anchor 9-piece Outdoor Patio Dining Set with Folding Chairs,1738,https://www.costco.com/sunvilla-anchor-9-piece-outdoor-patio-dining-set-with-folding-chairs.product.4000407757.html
4000409092,"OLLY Men's Multivitamin Gummy, 200 Gummies",1738,https://www.costco.com/olly-mens-multivitamin-gummy-200-gummies.product.4000409092.html
4000413193,"SuperBeets Heart Gummies, Strawberry, 150ct",1738,https://www.costco.com/superbeets-heart-gummies-strawberry-150ct.product.4000413193.html
4000414741,SunVilla Julia Woven Chaise Lounge 2-pack,1738,https://www.costco.com/sunvilla-julia-woven-chaise-lounge-2-pack.product.4000414741.html
4000415010,Dynatrap Solar Outdoor Bug Trap 1/4 Acre,1738,https://www.costco.com/dynatrap-solar-outdoor-bug-trap-14-acre.product.4000415010.html
4000417255,SunVilla 13ft. Round 3-Tier Cantilever Umbrella,1738,https://www.costco.com/sunvilla-13ft-round-3-tier-cantilever-umbrella.product.4000417255.html
4000418526,Adam's Polishes Ultimate 12-piece Detailing Kit,1738,https://www.costco.com/adams-polishes-ultimate-12-piece-detailing-kit.product.4000418526.html
4000420266,Lathan 48” Round Dining Table and 4 Chairs,1738,https://www.costco.com/.product.4000420266.html
4000421286,Mendocino Dining Table and 8 Chairs,1738,https://www.costco.com/.product.4000421286.html
4000421362,"Ophelia Counter Height Swivel Stool, Set of 2",1738,https://www.costco.com/.product.4000421362.html
4000421602,Greenworks 80V 730 CFM Blower & 17” String Trimmer,1738,https://www.costco.com/greenworks-80v-730-cfm-blower--17-string-trimmer.product.4000421602.html
4000422340,Tramontina 8-Quart Stainless Steel Tri-ply Base Multicooker with Pasta Insert,1738,https://www.costco.com/tramontina-8-quart-stainless-steel-tri-ply-base-multicooker-with-pasta-insert.product.4000422340.html
4000424476,Serenity by Tempur-Pedic Frost Cooling Memory Foam Pillow,1738,https://www.costco.com/serenity-by-tempur-pedic-frost-cooling-memory-foam-pillow.product.4000424476.html
4000426511,Augusta Dining Table and 6 Chairs,1738,https://www.costco.com/.product.4000426511.html
4000427726,Disney Youth Hooded Varsity Jacket,1738,https://www.costco.com/.product.4000427726.html
4000428043,"Force Factor Total Beets Chews, 90 Soft Chews",1738,https://www.costco.com/force-factor-total-beets-chews-90-soft-chews.product.4000428043.html
4000432058,DeWalt Lithium Jump Starter with Compressor and USB Power Bank,1738,https://www.costco.com/dewalt-lithium-jump-starter-with-compressor-and-usb-power-bank.product.4000432058.html
4000433207,BFGoodrich Premium Front and Rear Beam Wiper Blades,1738,https://www.costco.com/bfgoodrich-premium-front-and-rear-beam-wiper-blades.product.4000433207.html
4000433284,TYPE S Portable Jump Starter with Powerguide Assistance & Flashlight,1738,https://www.costco.com/type-s-portable-jump-starter-with-powerguide-assistance--flashlight.product.4000433284.html
4000434974,Ello 10-piece Glass Meal Prep Container Set.,1738,https://www.costco.com/ello-10-piece-glass-meal-prep-container-set.product.4000434974.html
4000435912,"Bayer Aspirin Regimen Low Dose 81 mg., 365 Enteric Coated Tablets",1738,https://www.costco.com/bayer-aspirin-regimen-low-dose-81-mg-365-enteric-coated-tablets.product.4000435912.html
4000436803,"Beautyrest Cooling Memory Foam Cluster Pillow, 2-pack",1738,https://www.costco.com/beautyrest-cooling-memory-foam-cluster-pillow-2-pack.product.4000436803.html
4000437479,"Purina Friskies Pate Wet Cat Food Variety Pack, 5.5 oz, 60-count",1738,https://www.costco.com/purina-friskies-pate-wet-cat-food-variety-pack-55-oz-60-count.product.4000437479.html
4000437994,"Bulova Classic Stainless Steel Diamond Rectangle Blue Dial Women's Quartz Watch, 21mm",1738,https://www.costco.com/bulova-classic-stainless-steel-diamond-rectangle-blue-dial-womens-quartz-watch-21mm.product.4000437994.html
4000438748,"Alani Nu Energy Drink, Cotton Candy Variety Pack, 12 fl oz, 18-count",1738,https://www.costco.com/alani-nu-energy-drink-cotton-candy-variety-pack-12-fl-oz-18-count.product.4000438748.html
4000444330,"iPad Air 13-inch, 128GB Wi-Fi (M4 chip) Built For Apple Intelligence",1738,https://www.costco.com/ipad-air-13-inch-128gb-wi-fi-m4-chip-built-for-apple-intelligence.product.4000444330.html
4000444539,"Nello Superfocus Drink Mix, 26-ct, Variety Pack",1738,https://www.costco.com/nello-superfocus-drink-mix-26-ct-variety-pack.product.4000444539.html
4000445408,Kohler 8L Step Trash Can,1738,https://www.costco.com/kohler-8l-step-trash-can.product.4000445408.html
4000447452,Trudeau 12-piece Glass Airtight Food Containers,1738,https://www.costco.com/trudeau-12-piece-glass-airtight-food-containers.product.4000447452.html
4000449464,"Yankee Candle Small Tumbler Candle Set, 6-pack",1738,https://www.costco.com/yankee-candle-small-tumbler-candle-set-6-pack.product.4000449464.html
4000449808,"Kirkland Signature Coffee Organic French Roast K-Cup Pod, 120-count",1738,https://www.costco.com/kirkland-signature-coffee-organic-french-roast-k-cup-pod-120-count.product.4000449808.html
4000449836,"Hawthorne 3-piece Fabric Sectional with Ottoman, Brown",1738,https://www.costco.com/hawthorne-3-piece-fabric-sectional-with-ottoman-brown.product.4000449836.html
4101000331,Disney Youth Varsity Jacket,1738,https://www.costco.com/.product.4101000331.html
4201000638,Ashton Counter Height Dining Table and 8 Chairs,1738,https://www.costco.com/.product.4201000638.html
4201001015,"15"" Skylight Calendar 2 Touchscreen Display and Organizer Classic Bundle",1738,https://www.costco.com/15-skylight-calendar-2-touchscreen-display-and-organizer-classic-bundle.product.4201001015.html
4201001300,Avondale Dining Table and 6 Chairs,1738,https://www.costco.com/.product.4201001300.html
4201002118,Kirkland Signature Diaper Sizes 1-2,1738,https://www.costco.com/kirkland-signature-diaper-sizes-1-2.product.4201002118.html
4201002177,Kirkland Signature Diaper Sizes 3-7,1738,https://www.costco.com/kirkland-signature-diaper-sizes-3-7.product.4201002177.html
4201002553,Hartford Dining Table and 6 Chairs,1738,https://www.costco.com/.product.4201002553.html
4201003394,"Bellevue Luxury 11 oz. Glass Candle, Set of 4",1738,https://www.costco.com/bellevue-luxury-11-oz-glass-candle-set-of-4.product.4201003394.html
4201005563,GreenPan 3-Piece Spectra Hybrid Frypan Set,1738,https://www.costco.com/greenpan-3-piece-spectra-hybrid-frypan-set.product.4201005563.html
4201005757,"Home & Body Toile Fleur Reed Diffuser, Set of 3",1738,https://www.costco.com/home--body-toile-fleur-reed-diffuser-set-of-3.product.4201005757.html
4201005850,"Force Factor Hair Growth Accelerator, 90 Soft Chews",1738,https://www.costco.com/force-factor-hair-growth-accelerator-90-soft-chews.product.4201005850.html
4201005862,"Signature Housewares Figural Christmas Mugs, 4-piece Set",1738,https://www.costco.com/signature-housewares-figural-christmas-mugs-4-piece-set.product.4201005862.html
4201006132,Joie Orzo Mini Lightweight Compact Travel Stroller,1738,https://www.costco.com/joie-orzo-mini-lightweight-compact-travel-stroller.product.4201006132.html
4201006161,Bergner 16.9-quart Stainless Steel Stock Pot with Lid,1738,https://www.costco.com/bergner-169-quart-stainless-steel-stock-pot-with-lid.product.4201006161.html
4201006215,Smith & Clark 15” Pre-Seasoned Cast Iron Skillet,1738,https://www.costco.com/smith--clark-15-pre-seasoned-cast-iron-skillet.product.4201006215.html
4201008675,Smart Design Acacia Couch Console,1738,https://www.costco.com/smart-design-acacia-couch-console.product.4201008675.html
4201011238,HP OfficeJet Pro 8138 All-in-One Color Inkjet Printer- AI Capable,1738,https://www.costco.com/hp-officejet-pro-8138-all-in-one-color-inkjet-printer--ai-capable.product.4201011238.html
4201011528,Pyrex 8-piece Glass Mixing Bowls with Lids,1738,https://www.costco.com/pyrex-8-piece-glass-mixing-bowls-with-lids.product.4201011528.html
4201012875,Huggies Plus Diapers Size 1-2,1738,https://www.costco.com/huggies-plus-diapers-size-1-2.product.4201012875.html
4201016216,"Physician's Choice Advanced 60 Billion Probiotic, 75 Capsules",1738,https://www.costco.com/physicians-choice-advanced-60-billion-probiotic-75-capsules.product.4201016216.html
4201016943,Mini Brands Mini Vinyls Playset with Three Capsules,1738,https://www.costco.com/mini-brands-mini-vinyls-playset-with-three-capsules.product.4201016943.html
4201017698,"Crafted Classics Coffee K-Cup Pod Variety Pack, 72ct K-Cup Pods",1738,https://www.costco.com/crafted-classics-coffee-k-cup-pod-variety-pack-72ct-k-cup-pods.product.4201017698.html
4201023269,"TCL 55"" Class - QM7L Pro Series - 4K UHD SQD-Mini LED Smart TV - Allstate 3-Year Protection Plan Bundle Included for 5 Years of Total Coverage*",1738,https://www.costco.com/tcl-55-class---qm7l-pro-series---4k-uhd-sqd-mini-led-smart-tv---allstate-3-year-protection-plan-bundle-included-for-5-years-of-total-coverage.product.4201023269.html
4201024377,Summit Gravel By Aura Wi-Fi Digital Photo Frame,1738,https://www.costco.com/summit-gravel-by-aura-wi-fi-digital-photo-frame.product.4201024377.html
4201024427,Parker Stone Collection by Aura Wi-Fi Digital Photo Frame,1738,https://www.costco.com/parker-stone-collection-by-aura-wi-fi-digital-photo-frame.product.4201024427.html
4201034144,Joie Baby Saffron SI 4-in-1 Car Seat,1738,https://www.costco.com/joie-baby-saffron-si-4-in-1-car-seat.product.4201034144.html
4201037288,"Peet's Coffee Major Dickason’s K-Cup Coffee Pods, 80-count",1738,https://www.costco.com/peets-coffee-major-dickasons-k-cup-coffee-pods-80-count.product.4201037288.html
9655007,"TCL 55"" Class - QM7L Pro Series - 4K UHD SQD-Mini LED Smart TV - Allstate 3-Year Protection Plan Bundle Included for 5 Years of Total Coverage*",1738,https://www.costco.com/.product.9655007.html
997930,"Kirkland Signature 5W-30 Full Synthetic Motor Oil, 5-quart, 2-pack",1738,https://www.costco.com/.product.997930.html
997931,"Kirkland Signature 5W-30 High Mileage Full Synthetic Motor Oil, 5-Quart 2-pack",1738,https://www.costco.com/.product.997931.html
