id,warehouse_id,sku,item_number,product_name,product_url,aisle,bay,is_wrong,is_discontinued,category_url,updated_at
f20be532-74b8-5ea2-aa7a-35eaea91f36b,1738,4000339188,1913150,"Frito Lay Simply Variety Pack, 30-count",https://www.costco.com/p/-/1913150,,,0,0,https://www.costco.com/all-costco-grocery.html,2026-10-02T23:56:39.692838+00:00
6968b46d-d63a-51f1-8232-bbac9529e3dc,1738,100675007,620595,"Nestle Nido Kinder 1+ Toddler Powdered Milk, 77.6 oz",https://www.costco.com/p/-/620595,,,0,0,https://www.costco.com/all-costco-grocery.html,2026-10-02T23:56:39.692838+00:00
aab492ed-2d57-5565-81cf-3d435580eac2,1738,4000249145,1811598,"Head & Shoulders 2-in-1 Dandruff Shampoo and Conditioner Advanced Scalp Care with Aloe Vera, Coconut Water & Vitamins, 40 fl oz",https://www.costco.com/p/-/1811598,,,0,0,https://www.costco.com/all-costco-grocery.html,2026-10-02T23:56:39.692838+00:00
46ac7cf7-fbed-5369-a3b6-052cabd1beab,1738,100447863,664635,"Swisspers Premium Hypoallergenic Cotton Rounds, 900-count",https://www.costco.com/p/-/664635,,,0,0,https://www.costco.com/all-costco-grocery.html,2026-10-02T23:56:39.692838+00:00
20ac89bf-d7f7-5baa-9c20-238e2684976c,1738,100322549,1806386,"Duracell D Alkaline Batteries, 14-count",https://www.costco.com/p/-/1806386,,,0,0,https://www.costco.com/all-costco-grocery.html,2026-10-02T23:56:39.692838+00:00
38f007f7-6bbb-51ee-91be-483881a272f1,1738,100104327,685586,"Listerine UltraClean Coolmint Mouthwash, 1.5 Liter, 2-count",https://www.costco.com/p/-/685586,,,0,0,https://www.costco.com/all-costco-grocery.html,2026-10-02T23:56:39.692838+00:00
aead87b9-22c1-503b-86e5-967c5b17d028,1738,4000151041,1731104,"Crest Pro-Health Advanced Mouthwash, 33.8 fl oz, 3-pack",https://www.costco.com/p/-/1731104,,,0,0,https://www.costco.com/all-costco-grocery.html,2026-10-02T23:56:39.692838+00:00
a3124fbe-685d-511c-b709-4c116899f02b,1738,4201001268,2008132,"Always Infinity FlexFoam Pads, 72-count",https://www.costco.com/p/-/2008132,,,0,0,https://www.costco.com/all-costco-grocery.html,2026-10-02T23:56:39.692838+00:00
3e1f9c57-9d73-56fc-800c-8bfd0027f3fa,1738,100339368,1806373,"Duracell C Alkaline Batteries, 14-count",https://www.costco.com/p/-/1806373,,,0,0,https://www.costco.com/all-costco-grocery.html,2026-10-02T23:56:39.692838+00:00
e0f6229b-97ef-5329-8c06-02d68b69c4b4,1738,4000257190,1806649,"Neutrogena Makeup Remover Wipes, 125-count",https://www.costco.com/p/-/1806649,,,0,0,https://www.costco.com/all-costco-grocery.html,2026-10-02T23:56:39.692838+00:00
b6793d9b-4a95-5cc4-b620-c7a76e77b50d,1738,4000352107,1928295,"Dove Deep Moisture Body Wash, 23 fl oz, 3-pack",https://www.costco.com/p/-/1928295,,,0,0,https://www.costco.com/all-costco-grocery.html,2026-10-02T23:56:39.692838+00:00
269665d8-7243-5786-8f5e-d8bc32e60f9d,1738,100473402,1285702,"Colgate Total Active Prevention Plus Advanced Whitening Toothpaste, 6.4 oz, 5-pack",https://www.costco.com/p/-/1285702,,,0,0,https://www.costco.com/all-costco-grocery.html,2026-10-02T23:56:39.692838+00:00
7f73d565-67de-59f6-a458-7ea2caaeded5,1738,4000322532,1886106,"Oral-B Glide Advanced Deep Clean Floss, 6-pack",https://www.costco.com/p/-/1886106,,,0,0,https://www.costco.com/all-costco-grocery.html,2026-10-02T23:56:39.692838+00:00
3a12a2f3-fa87-591b-acdd-11a4d609e856,1738,100650348,1421932,"Dove Moisturizing Beauty Bar Soap Original, 3.75 oz, 16 Bars",https://www.costco.com/p/-/1421932,,,0,0,https://www.costco.com/all-costco-grocery.html,2026-10-02T23:56:39.692838+00:00
ecc6d1bd-f50d-5910-962e-3d648643162a,1738,100809908,1587186,"Gillette Proglide Plus Razor Cartridge Refills, 16-count",https://www.costco.com/p/-/1587186,,,0,0,https://www.costco.com/all-costco-grocery.html,2026-10-02T23:56:39.692838+00:00
b7883454-5aa1-59b9-bf95-15ac4394d03f,1738,100650384,1421933,"Dove Moisturizing Beauty Bar Soap Sensitive Skin, 3.75 oz, 16 Bars",https://www.costco.com/p/-/1421933,,,0,0,https://www.costco.com/all-costco-grocery.html,2026-10-02T23:56:39.692838+00:00
6194fb6d-12e5-566b-af3b-166bedba0b73,1738,100520262,1368591,"Always Ultra Thin Advanced Overnight Pads, 76-count",https://www.costco.com/p/-/1368591,,,0,0,https://www.costco.com/all-costco-grocery.html,2026-10-02T23:56:39.692838+00:00
eb64b92c-2ded-5deb-8b23-c635fa63242a,1738,100812038,1578895,"Band-Aid Adhesive Bandages, Assorted, 198-count",https://www.costco.com/p/-/1578895,,,0,0,https://www.costco.com/all-costco-grocery.html,2026-10-02T23:56:39.692838+00:00
eace7021-3d0d-52f5-a2ef-051ab2a335f7,1738,100463241,1235761,"trunature Cranberry 650 mg, 140 Vegetarian Capsules",https://www.costco.com/p/-/1235761,,,0,0,https://www.costco.com/all-costco-grocery.html,2026-10-02T23:56:39.692838+00:00
bcabcfca-36c5-500f-9d4a-f79f594d6195,1738,100853676,1613181,"Degree Men UltraClear+ Antiperspirant Deodorant, Black & White, 2.7 oz, 5-pack",https://www.costco.com/p/-/1613181,,,0,0,https://www.costco.com/all-costco-grocery.html,2026-10-02T23:56:39.692838+00:00
adfba90d-c4ed-5d81-bbba-2235876b470f,1738,4000298430,1842854,"Tampax Pearl Advanced Duopack, 87-count",https://www.costco.com/p/-/1842854,,,0,0,https://www.costco.com/all-costco-grocery.html,2026-10-02T23:56:39.692838+00:00
75f1f719-c6a4-5834-a3be-b90b6e15294a,1738,10031413,72147,"TUMS Antacid Ultra Strength, 265 Chewable Tablets",https://www.costco.com/p/-/72147,,,0,0,https://www.costco.com/all-costco-grocery.html,2026-10-02T23:56:39.692838+00:00
a03dff3a-c46a-5633-94ed-aac475f086c5,1738,100645583,6262016,"Kirkland Signature Bath Tissue, 2-Ply, 380 Sheets, 30 Rolls",https://www.costco.com/p/-/6262016,,,0,0,https://www.costco.com/grocery-household.html,2026-10-02T23:57:15.362380+00:00
b8ac0bad-f275-5002-8aa8-26c2b7a21c82,1738,100234271,512599,"Kirkland Signature Paper Towels, 2-Ply, 160 Sheets, 12 Individually Wrapped Rolls",https://www.costco.com/p/-/512599,,,0,0,https://www.costco.com/grocery-household.html,2026-10-02T23:57:15.362380+00:00
4be8486c-81c1-5917-a208-9116298d4922,1738,100434185,1036732,"Organic Celery Sticks, 2.5 lbs",https://www.costco.com/p/-/1036732,,,0,0,https://www.costco.com/grocery-household.html,2026-10-02T23:57:15.362380+00:00
d54cbba9-b4ab-54e1-8082-e26800f7bf40,1738,4000229893,8370,"Taylor Farms Organic Mediterranean Bagged Chopped Salad Kit, 12 oz, 2-count",https://www.costco.com/p/-/8370,,,0,0,https://www.costco.com/grocery-household.html,2026-10-02T23:57:15.362380+00:00
507ab8b2-1333-5ba7-9276-bfbb7830cff4,1738,100439256,121288,"Organic Crimini Mushrooms, 24 oz",https://www.costco.com/p/-/121288,,,0,0,https://www.costco.com/grocery-household.html,2026-10-02T23:57:15.362380+00:00
44d98f04-5163-5125-818e-06ea9b4a13ad,1738,100441746,25949,"Colossal Garlic, 2 lbs",https://www.costco.com/p/-/25949,,,0,0,https://www.costco.com/grocery-household.html,2026-10-02T23:57:15.362380+00:00
51300b11-ed9f-5ded-a4f5-03f55120d4b2,1738,100442528,331100,"Gourmet Creamer Potato, 5 lbs",https://www.costco.com/p/-/331100,,,0,0,https://www.costco.com/grocery-household.html,2026-10-02T23:57:15.362380+00:00
1da234ee-c7a8-5df9-943d-91d1442270ab,1738,100605620,25595,"Campari Tomatoes, 2 lbs",https://www.costco.com/p/-/25595,,,0,0,https://www.costco.com/grocery-household.html,2026-10-02T23:57:15.362380+00:00
fe996537-50bd-589a-ad62-20e4b02c8057,1738,100975546,6652,"Vidalia Sweet Onions, 5 lbs",https://www.costco.com/p/-/6652,,,0,0,https://www.costco.com/grocery-household.html,2026-10-02T23:57:15.362380+00:00
cdf21d47-60ef-5dba-9931-c2a776bb414e,1738,100448914,720650,"Cocktail Cucumber, Greenhouse Grown, 1.5 lbs",https://www.costco.com/p/-/720650,,,0,0,https://www.costco.com/grocery-household.html,2026-10-02T23:57:15.362380+00:00
99224826-5326-5260-96af-4776496f3777,1738,100439830,131,"Organic Brussels Sprouts, 2 lbs",https://www.costco.com/p/-/131,,,0,0,https://www.costco.com/grocery-household.html,2026-10-02T23:57:15.362380+00:00
7c1bd6d2-ecb9-5e8b-b8d2-b863da60d792,1738,100445692,568915,"Organic English Cucumbers, Greenhouse Grown, 3-count",https://www.costco.com/p/-/568915,,,0,0,https://www.costco.com/grocery-household.html,2026-10-02T23:57:15.362380+00:00
af6ac352-bca8-5a99-8888-2d57da3f3a0e,1738,100453269,96716,"Organic Baby Spinach, 1 lb",https://www.costco.com/p/-/96716,,,0,0,https://www.costco.com/grocery-household.html,2026-10-02T23:57:15.362380+00:00
eac26ce9-632a-5066-981e-eb9ef11059cc,1738,100601909,1352,"Organic Carrots, 6 lbs",https://www.costco.com/p/-/1352,,,0,0,https://www.costco.com/grocery-household.html,2026-10-02T23:57:15.362380+00:00
b49b12b9-0219-530d-b824-a4880aa8a80f,1738,100441109,21046,"Gourmet Tomato Medley, Greenhouse Grown, 2 lbs",https://www.costco.com/p/-/21046,,,0,0,https://www.costco.com/grocery-household.html,2026-10-02T23:57:15.362380+00:00
9ef1991f-f5de-5cea-8e87-d49adc69fa70,1738,100608970,77053,"Grape Tomatoes, 2 lbs",https://www.costco.com/p/-/77053,,,0,0,https://www.costco.com/grocery-household.html,2026-10-02T23:57:15.362380+00:00
2c7af33f-00b8-5570-a773-5b27a7799ebb,1738,100602830,5938,"Gold Potatoes, 10 lbs",https://www.costco.com/p/-/5938,,,0,0,https://www.costco.com/grocery-household.html,2026-10-02T23:57:15.362380+00:00
67762774-72b6-5501-99a6-24caed190b6b,1738,100342484,1089787,"Kirkland Signature Flex-Tech 13-Gallon Kitchen Trash Bag, 200-count",https://www.costco.com/p/-/1089787,,,0,0,https://www.costco.com/grocery-household.html,2026-10-02T23:57:15.362380+00:00
345b0f8b-ef82-5ce9-898a-911a7037fca2,1738,4000106843,7445,"Baking Potatoes, 10 lbs",https://www.costco.com/p/-/7445,,,0,0,https://www.costco.com/grocery-household.html,2026-10-02T23:57:15.362380+00:00
fccc9cfb-321b-5995-a769-5c8f38c5a819,1738,100598720,412,"Organic Peeled Carrots, 2 lbs, 2-count",https://www.costco.com/p/-/412,,,0,0,https://www.costco.com/grocery-household.html,2026-10-02T23:57:15.362380+00:00
7755cfe3-2a03-5b25-95e1-57842d2cbd9a,1738,100608499,60357,"Mixed Bell Peppers, 6-count",https://www.costco.com/p/-/60357,,,0,0,https://www.costco.com/grocery-household.html,2026-10-02T23:57:15.362380+00:00
219f771d-177d-52b8-bcfd-bfa82a464f0d,1738,4201006489,2057644,"Kinder's The Flavor Rack Signature Organic Seasoning Variety Pack, 12-count, 38.8 oz. Total",https://www.costco.com/p/-/2057644,,,0,0,https://www.costco.com/grocery-household.html,2026-10-02T23:57:15.362380+00:00
61197fe0-aa4c-539a-93a7-05c25f265ae7,1738,100334841,692731,"Kirkland Signature, Organic Extra Virgin Olive Oil, 2 L",https://www.costco.com/p/-/692731,,,0,0,https://www.costco.com/grocery-household.html,2026-10-02T23:57:15.362380+00:00
cc962392-2a8e-533d-a730-ea5588405cb1,1738,100520272,1300658,"Kirkland Signature Flex-Tech 13-Gallon Scented Kitchen Trash Bags, 200-count",https://www.costco.com/p/-/1300658,,,0,0,https://www.costco.com/grocery-household.html,2026-10-02T23:57:15.362380+00:00
2bca0d5f-06d3-593d-8ff9-a9abf86e5618,1738,4000206004,1725952,"Kirkland Signature Ultra Soft Bath Tissue, 2-Ply, 231 Sheets, 36 Rolls",https://www.costco.com/p/-/1725952,,,0,0,https://www.costco.com/grocery-household.html,2026-10-02T23:57:28.211881+00:00
10ddc7fb-c926-554b-8ad0-e19b7bc77f40,1738,100229990,956696,"Kirkland Signature Extra-Large Absorbent Pads, 30 in L X 23 in W, 100-count",https://www.costco.com/p/-/956696,,,0,0,https://www.costco.com/grocery-household.html,2026-10-02T23:57:28.211881+00:00
b9682bea-64f5-565b-a33b-0beb1e194c41,1738,4000113981,1920495,"Lysol Disinfecting Wipes, Variety Pack, 95-count, 4-pack",https://www.costco.com/p/-/1920495,,,0,0,https://www.costco.com/grocery-household.html,2026-10-02T23:57:28.211881+00:00
1e17c83f-2405-558c-912c-6df07e7365d3,1738,100089150,723675,"Kleenex Trusted Care Facial Tissue, 2-Ply, 230-count, 10-pack",https://www.costco.com/p/-/723675,,,0,0,https://www.costco.com/grocery-household.html,2026-10-02T23:57:28.211881+00:00
d3aea321-77d5-54de-85a9-89c1f6d79197,1738,100352100,1111161,"Dixie Ultra 10-1/16"" Paper Plate, 186-count",https://www.costco.com/p/-/1111161,,,0,0,https://www.costco.com/grocery-household.html,2026-10-02T23:57:28.211881+00:00
24f4ce13-13f3-55fd-ac32-73ae33228dcc,1738,4000438985,2990929,"Dawn Platimum Advanced Power Dishwashing Liquid, Fresh, 90 fl oz",https://www.costco.com/p/-/2990929,,,0,0,https://www.costco.com/grocery-household.html,2026-10-02T23:57:28.211881+00:00
d1e8bef9-8f18-5f49-9b75-d0b8ec37ed4c,1738,100515005,1331846,"Kirkland Signature Semi-Sweet Chocolate Chips, 4.5 lbs",https://www.costco.com/p/-/1331846,,,0,0,https://www.costco.com/grocery-household.html,2026-10-02T23:57:28.211881+00:00
33819e81-f4ec-55cc-8457-d3916a827647,1738,100334875,841930,"Kirkland Signature, Thai Hom Mali Jasmine Rice, 25 lbs",https://www.costco.com/p/-/841930,,,0,0,https://www.costco.com/grocery-household.html,2026-10-02T23:57:28.211881+00:00
bfd66e1d-c72d-50b6-8563-2a89013c47fa,1738,4000376082,1956337,"Nescafé Blonde Gold Instant Espresso, 7 oz",https://www.costco.com/p/-/1956337,,,0,0,https://www.costco.com/grocery-household.html,2026-10-02T23:57:28.211881+00:00
4d15f211-f63f-5218-84d9-0c26fe938748,1738,100334015,516822,"Kirkland Signature, Organic Chicken Stock, 32 fl oz, 6-Count",https://www.costco.com/p/-/516822,,,0,0,https://www.costco.com/grocery-household.html,2026-10-02T23:57:28.211881+00:00
02c9cf30-2292-51bb-8151-65d394ab27af,1738,100641392,1343983,"Donsuemor, Traditional Madeleines Cake, 1 oz, 28-Count",https://www.costco.com/p/-/1343983,,,0,0,https://www.costco.com/grocery-household.html,2026-10-02T23:57:28.211881+00:00
b388f2a7-b71c-58f1-9c66-773fa26ee27a,1738,4000346087,1919326,"Bounty Advanced Paper Towels, 2-Ply, 103 Sheets, 12-count",https://www.costco.com/p/-/1919326,,,0,0,https://www.costco.com/grocery-household.html,2026-10-02T23:57:28.211881+00:00
ff9057c7-3449-5ca2-afa2-edb539fcea00,1738,4000063331,1485523,"Kirkland Signature Organic Unbleached All Purpose Flour, 10 lbs, 2-count",https://www.costco.com/p/-/1485523,,,0,0,https://www.costco.com/grocery-household.html,2026-10-02T23:57:28.211881+00:00
cc0f5a86-1729-590e-9c1f-23d529d85908,1738,4000350951,2727590,"Cascade Platinum Plus Dishwasher Detergent ActionPacs, Fresh, 82-count",https://www.costco.com/p/-/2727590,,,0,0,https://www.costco.com/grocery-household.html,2026-10-02T23:57:28.211881+00:00
1cdf942c-e202-5140-a01b-88b3b6ce9462,1738,100455677,1212860,"Kirkland Signature Soft & Chewy Granola Bars, 0.85 oz, 64-count",https://www.costco.com/p/-/1212860,,,0,0,https://www.costco.com/grocery-household.html,2026-10-02T23:57:28.211881+00:00
cb71d415-e04b-5bf4-bfb2-c98c3dfb9c17,1738,100534416,2189436,"Clorox Disinfecting Wipes, Variety Pack, 85-count, 5-pack",https://www.costco.com/p/-/2189436,,,0,0,https://www.costco.com/grocery-household.html,2026-10-02T23:57:28.211881+00:00
78f0be58-1aec-5557-8e9f-00b478b14c99,1738,100688266,1481558,"SunChips Whole Grain, Variety, 1.5 oz, 30-count",https://www.costco.com/p/-/1481558,,,0,0,https://www.costco.com/grocery-household.html,2026-10-02T23:57:28.211881+00:00
80ee8a1c-0167-5770-84a0-b7db033c6d58,1738,100334960,51070,"Kirkland Signature, Chicken Breast, 12.5 oz, 6-Count",https://www.costco.com/p/-/51070,,,0,0,https://www.costco.com/grocery-household.html,2026-10-02T23:57:28.211881+00:00
ed807197-0ea0-5f71-8fc2-38e851caf537,1738,100812475,1608549,"Ocean Spray, Cranberry Juice, Variety Pack, 10 fl oz, 24-Count",https://www.costco.com/p/-/1608549,,,0,0,https://www.costco.com/grocery-household.html,2026-10-02T23:57:28.211881+00:00
4a65e587-6c00-5a85-b355-cff33c9cb97e,1738,4000401691,1986173,"Snapdragon Foods Vietnamese Pho Bowls, 3.1 oz, 9-count",https://www.costco.com/p/-/1986173,,,0,0,https://www.costco.com/grocery-household.html,2026-10-02T23:57:28.211881+00:00
141da42f-005a-55b4-90c4-c61c9896d390,1738,100381521,446586,"Quaker Oats Old Fashioned Rolled Oats, 10 lbs",https://www.costco.com/p/-/446586,,,0,0,https://www.costco.com/grocery-household.html,2026-10-02T23:57:28.211881+00:00
2e328507-6e3c-5255-b3d6-24a38a1834ab,1738,4000240044,1743030,"Kirkland Signature Organic Whole Milk, 8 fl oz, 18-count",https://www.costco.com/p/-/1743030,,,0,0,https://www.costco.com/grocery-household.html,2026-10-02T23:57:28.211881+00:00
d107977f-7c93-554c-bf90-320192bae65a,1738,100851738,1492456,"Kirkland Signature, Albacore Solid White Tuna in Water, 7 oz, 8-Count",https://www.costco.com/p/-/1492456,,,0,0,https://www.costco.com/grocery-household.html,2026-10-02T23:57:28.211881+00:00
ea468917-aa4e-5ddb-b7ad-6034b75bb709,1738,100333696,6406,"Kirkland Signature Premium Extra Thick Steak Strips, 12 oz",https://www.costco.com/p/-/6406,,,0,0,https://www.costco.com/grocery-household.html,2026-10-02T23:57:28.211881+00:00
24d7332f-5a73-547c-bfe0-703a5a2f1a88,1738,4000234602,1755436,"Kirkland Signature 18-Gallon Compactor & Kitchen Trash Bag, 70-count",https://www.costco.com/p/-/1755436,,,0,0,https://www.costco.com/kirkland-signature-groceries.html,2026-10-02T23:58:13.743996+00:00
eda535d3-42e6-5ec0-9993-c6a65964ea6d,1738,100525739,1239519,"Kirkland Signature Ultra Clean Free & Clear HE Liquid Laundry Detergent, 146 loads, 194 fl oz",https://www.costco.com/p/-/1239519,,,0,0,https://www.costco.com/kirkland-signature-groceries.html,2026-10-02T23:58:13.743996+00:00
5beeaf70-dd5b-504e-a3b2-bd80d068489d,1738,4000375512,1940909,"Kirkland Signature Daily Dry Facial Towels, 200-count",https://www.costco.com/p/-/1940909,,,0,0,https://www.costco.com/kirkland-signature-groceries.html,2026-10-02T23:58:13.743996+00:00
d8ad99c0-1437-5927-a305-19dae095df4e,1738,100439090,1193197,"Kirkland Signature Organic Roasted Seaweed, 0.6 oz, 10-count",https://www.costco.com/p/-/1193197,,,0,0,https://www.costco.com/kirkland-signature-groceries.html,2026-10-02T23:58:13.743996+00:00
105359b9-c01d-5e2b-a8d8-f3c1239c3a11,1738,100718359,4165769,"Kirkland Signature Facial Tissue, 3-Ply, 84-count, 12-pack",https://www.costco.com/p/-/4165769,,,0,0,https://www.costco.com/kirkland-signature-groceries.html,2026-10-02T23:58:13.743996+00:00
93cd813e-7ee7-568a-9ea8-5a64e7ed27f4,1738,100525846,1239521,"Kirkland Signature Ultra Clean HE Liquid Laundry Detergent, 146 loads, 194 fl oz",https://www.costco.com/p/-/1239521,,,0,0,https://www.costco.com/kirkland-signature-groceries.html,2026-10-02T23:58:13.743996+00:00
0f46af26-0d75-5675-b526-19743058cb64,1738,100224137,87507,"Kirkland Signature 10-Gallon Wastebasket Liner, Clear, 500-count",https://www.costco.com/p/-/87507,,,0,0,https://www.costco.com/kirkland-signature-groceries.html,2026-10-02T23:58:13.743996+00:00
8fc85001-6316-57bc-9c47-9e14b3eac644,1738,4000262621,1789247,"Kirkland Signature Olive Oil, 3 L",https://www.costco.com/p/-/1789247,,,0,0,https://www.costco.com/kirkland-signature-groceries.html,2026-10-02T23:58:13.743996+00:00
193561c0-3186-566f-9206-314e9ba3f39a,1738,100333883,835671,"Kirkland Signature Raisins, Milk Chocolate, 3.4 lb",https://www.costco.com/p/-/835671,,,0,0,https://www.costco.com/kirkland-signature-groceries.html,2026-10-02T23:58:13.743996+00:00
1a0752f3-d8dd-5709-a0d4-15b55381cb1c,1738,100334334,555000,"Kirkland Signature Organic Peanut Butter, 28 oz, 2-count",https://www.costco.com/p/-/555000,,,0,0,https://www.costco.com/kirkland-signature-groceries.html,2026-10-02T23:58:13.743996+00:00
78edfa80-be35-58ea-9ac5-83ce87c56983,1738,100115269,222490,"Kirkland Signature Super Extra-Large Peanuts, 2.5 lbs",https://www.costco.com/p/-/222490,,,0,0,https://www.costco.com/kirkland-signature-groceries.html,2026-10-02T23:58:13.743996+00:00
e0bd7b9d-8a61-53e9-af1c-3968038d0ecc,1738,100333884,679131,"Kirkland Signature Organic Pure Maple Syrup, 33.8 oz",https://www.costco.com/p/-/679131,,,0,0,https://www.costco.com/kirkland-signature-groceries.html,2026-10-02T23:58:13.743996+00:00
c07e6db8-3a59-5d94-8d3b-319c30039c5b,1738,100524886,1300509,"Kirkland Signature Nut Bars, 1.41 oz, 30-count",https://www.costco.com/p/-/1300509,,,0,0,https://www.costco.com/kirkland-signature-groceries.html,2026-10-02T23:58:13.743996+00:00
717e8c3f-2684-52e5-8a37-3b20b2a3b403,1738,100491294,1209607,"Kirkland Signature Praline Pecans, 2.5 lbs",https://www.costco.com/p/-/1209607,,,0,0,https://www.costco.com/kirkland-signature-groceries.html,2026-10-02T23:58:13.743996+00:00
11257015-7f9c-5539-bf27-48bf2898bae4,1738,100234581,971832,"Kirkland Signature Dental Chews, 72-count",https://www.costco.com/p/-/971832,,,0,0,https://www.costco.com/kirkland-signature-groceries.html,2026-10-02T23:58:22.989824+00:00
8339b778-6191-52e5-95f6-b586e7b07683,1738,100668922,1390413,"Kirkland Signature Fancy Whole Cashews, 2.5 lbs",https://www.costco.com/p/-/1390413,,,0,0,https://www.costco.com/kirkland-signature-groceries.html,2026-10-02T23:58:22.989824+00:00
ce38d4dc-c28d-5bee-826c-f6c8401f5899,1738,100333888,9555,"Kirkland Signature Microwave Popcorn, 3.3 oz, 44-count",https://www.costco.com/p/-/9555,,,0,0,https://www.costco.com/kirkland-signature-groceries.html,2026-10-02T23:58:22.989824+00:00
50f40fe9-862c-50d7-bd41-b40ff82569bc,1738,100307201,1054838,"Kirkland Signature Ultra Clean HE Laundry Detergent Pacs, 152-count",https://www.costco.com/p/-/1054838,,,0,0,https://www.costco.com/kirkland-signature-groceries.html,2026-10-02T23:58:22.989824+00:00
814186fe-930a-5990-b1cb-47f32159c0ac,1738,100516925,1347776,"Kirkland Signature Wild Flower Honey, 5 lbs",https://www.costco.com/p/-/1347776,,,0,0,https://www.costco.com/kirkland-signature-groceries.html,2026-10-02T23:58:22.989824+00:00
688215e2-50c0-5dc8-98bd-c636c134571b,1738,4000247808,1789130,"Kirkland Signature Ultra Shine Liquid Dish Soap, Fresh, 90 fl. oz.",https://www.costco.com/p/-/1789130,,,0,0,https://www.costco.com/kirkland-signature-groceries.html,2026-10-02T23:58:22.989824+00:00
60af635f-6715-5ce8-92e9-84aeda7e5fbb,1738,100334421,279783,"Kirkland Signature, Bacon Crumbles, 20 oz",https://www.costco.com/p/-/279783,,,0,0,https://www.costco.com/kirkland-signature-groceries.html,2026-10-02T23:58:22.989824+00:00
a8af48d1-52bc-511a-8b4a-ebcadb2af827,1738,100393423,1050557,"Kirkland Signature Peanut Butter Filled Pretzel Nuggets, 55 oz",https://www.costco.com/p/-/1050557,,,0,0,https://www.costco.com/kirkland-signature-groceries.html,2026-10-02T23:58:22.989824+00:00
4d40ce7b-f701-59de-9394-35b82e4b8983,1738,100334750,890181,"Kirkland Signature, Wild Alaskan Pink Salmon, 6 oz, 6-Count",https://www.costco.com/p/-/890181,,,0,0,https://www.costco.com/kirkland-signature-groceries.html,2026-10-02T23:58:22.989824+00:00
edb815a5-2bad-5f32-860f-6ecf0fa8c508,1738,100334874,901991,"Kirkland Signature, Organic Sugar, 10 lbs",https://www.costco.com/p/-/901991,,,0,0,https://www.costco.com/kirkland-signature-groceries.html,2026-10-02T23:58:22.989824+00:00
59ffb463-d98e-5212-a7f5-48382fd84a00,1738,100520076,4165758,"Kirkland Signature Colombian Cold Brew Coffee, 11 fl oz, 12-count",https://www.costco.com/p/-/4165758,,,0,0,https://www.costco.com/kirkland-signature-groceries.html,2026-10-02T23:58:22.989824+00:00
6ee5851b-deaf-5d05-9d55-f27576a2415d,1738,100333877,440493,"Kirkland Signature Cashew Clusters, 2 lbs",https://www.costco.com/p/-/440493,,,0,0,https://www.costco.com/kirkland-signature-groceries.html,2026-10-02T23:58:22.989824+00:00
74e5ca00-7ef1-5af7-986b-36e981dfa35d,1738,100334203,897971,"Kirkland Signature, Organic Applesauce, 3.17 oz, 24-Count",https://www.costco.com/p/-/897971,,,0,0,https://www.costco.com/kirkland-signature-groceries.html,2026-10-02T23:58:22.989824+00:00
566eb04d-d5ed-5f59-a291-3ccd67fe634c,1738,4000183052,1725830,"Kirkland Signature Fabric Softener Sheets, 250-count, 2-pack",https://www.costco.com/p/-/1725830,,,0,0,https://www.costco.com/kirkland-signature-groceries.html,2026-10-02T23:58:22.989824+00:00
fb727b68-859a-52e0-aca9-45039b6f5f31,1738,100119388,36285,"Kirkland Signature Walnut Halves, 3 lbs",https://www.costco.com/p/-/36285,,,0,0,https://www.costco.com/kirkland-signature-groceries.html,2026-10-02T23:58:22.989824+00:00
873b824e-6191-5480-b408-88b448ee524c,1738,100752766,1474436,"Kirkland Signature Trail Mix, 4 lbs",https://www.costco.com/p/-/1474436,,,0,0,https://www.costco.com/kirkland-signature-groceries.html,2026-10-02T23:58:22.989824+00:00
ee0a1be4-0b95-5422-81e3-a5762e7fa1e4,1738,100334857,633561,"Kirkland Signature, Organic Diced Tomatoes, 14.5 oz, 8-Count",https://www.costco.com/p/-/633561,,,0,0,https://www.costco.com/kirkland-signature-groceries.html,2026-10-02T23:58:22.989824+00:00
4f92dc57-271b-5d3c-b1ee-0290a3f05c58,1738,100115257,203444,"Kirkland Signature Pecan Halves, 2 lbs",https://www.costco.com/p/-/203444,,,0,0,https://www.costco.com/kirkland-signature-groceries.html,2026-10-02T23:58:22.989824+00:00
08ae9378-6ff0-5c30-962c-8a41a5a49f28,1738,4000441170,3330816,"Kirkland Signature Popcorn, Sea Salt, 0.65 oz, 36-count",https://www.costco.com/p/-/3330816,,,0,0,https://www.costco.com/kirkland-signature-groceries.html,2026-10-02T23:58:22.989824+00:00
0e6f8c02-0f7d-51ca-890f-86c80ed6b336,1738,100770569,1473917,"Kirkland Signature Trail Mix Snack Packs, 2 oz, 28-count",https://www.costco.com/p/-/1473917,,,0,0,https://www.costco.com/kirkland-signature-groceries.html,2026-10-02T23:58:22.989824+00:00
be076f75-5d0c-58fb-b5bf-ad7386ab253c,1738,100334316,553499,"Kirkland Signature, Sunsweet Whole Dried Plums, 3.5 lbs",https://www.costco.com/p/-/553499,,,0,0,https://www.costco.com/kirkland-signature-groceries.html,2026-10-02T23:58:22.989824+00:00
ff0508f8-6361-58ff-95ee-5c74aa2d88e7,1738,100446587,596444,"Kirkland Signature, Ocean Spray Cranberry Premium 100% Juice, 96 fl oz, 2-Count",https://www.costco.com/p/-/596444,,,0,0,https://www.costco.com/kirkland-signature-groceries.html,2026-10-02T23:58:22.989824+00:00
95c25df7-4960-59d7-8085-101506de0a34,1738,4000233330,1755441,"Kirkland Signature Flex-Tech 33-Gallon Trash Bag, 90-count",https://www.costco.com/p/-/1755441,,,0,0,https://www.costco.com/kirkland-signature-groceries.html,2026-10-02T23:58:22.989824+00:00
aa0da046-73a0-54f6-b259-37c0167671f2,1738,100635685,1055599,"Kirkland Signature Thin Sliced Chicken Breasts, Boneless Skinless, 10 lbs",https://www.costco.com/p/-/1055599,,,0,0,https://www.costco.com/kirkland-signature-groceries.html,2026-10-02T23:58:31.031610+00:00
27358262-eae9-5d60-aad8-a0cddcb13c40,1738,100334737,906410,"Kirkland Signature, Canola Oil, 3 qt, 2-count",https://www.costco.com/p/-/906410,,,0,0,https://www.costco.com/kirkland-signature-groceries.html,2026-10-02T23:58:31.031610+00:00
f02e1096-5ee1-59da-903b-db5e762d3c58,1738,100334304,581871,"Kirkland Signature, Minced California Garlic, 48 oz",https://www.costco.com/p/-/581871,,,0,0,https://www.costco.com/kirkland-signature-groceries.html,2026-10-02T23:58:31.031610+00:00
f45f48f2-e3cb-5604-98c9-37e995fb218f,1738,100334965,165041,"Kirkland Signature Organic No-Salt Seasoning, 14.5 oz",https://www.costco.com/p/-/165041,,,0,0,https://www.costco.com/kirkland-signature-groceries.html,2026-10-02T23:58:31.031610+00:00
58b4da24-badd-5cf1-9df1-dcde5f7f6759,1738,100805602,1528787,"Kirkland Signature Whole Bean Coffee, French Roast, 2.5 lbs",https://www.costco.com/p/-/1528787,,,0,0,https://www.costco.com/kirkland-signature-groceries.html,2026-10-02T23:58:31.031610+00:00
2cc9c770-ce3e-5c85-8cab-98acbb48c7d6,1738,100664982,1377067,"Kirkland Signature Chewy Protein Bar, Peanut Butter & Semisweet Chocolate Chip, 1.41 oz, 42-Count",https://www.costco.com/p/-/1377067,,,0,0,https://www.costco.com/kirkland-signature-groceries.html,2026-10-02T23:58:31.031610+00:00
8af699ba-62f4-58dd-a032-916a5689064d,1738,100438553,1178969,"Kirkland Signature, Almond Flour, 3 lbs",https://www.costco.com/p/-/1178969,,,0,0,https://www.costco.com/kirkland-signature-groceries.html,2026-10-02T23:58:31.031610+00:00
b84c2bd3-6f79-5527-acdb-8d1ee6e00c59,1738,4000147352,4054210,"Kirkland Signature Coffee Organic Summit Roast K-Cup Pod, 120-count",https://www.costco.com/p/-/4054210,,,0,0,https://www.costco.com/kirkland-signature-groceries.html,2026-10-02T23:58:31.031610+00:00
f81e2aec-23a1-5160-aadc-2a3e39b7647d,1738,100296198,1014809,"Kirkland Signature Protein Bar, Variety Pack, 2.12 oz, 20-count",https://www.costco.com/p/-/1014809,,,0,0,https://www.costco.com/kirkland-signature-groceries.html,2026-10-02T23:58:31.031610+00:00
db66417c-74cf-5d71-9c06-921209f40bbf,1738,100336602,545345,"Kirkland Signature In-Shell Pistachios, Salted, 3 lbs",https://www.costco.com/p/-/545345,,,0,0,https://www.costco.com/kirkland-signature-groceries.html,2026-10-02T23:58:31.031610+00:00
6067c7ee-eccd-5f1b-bea0-6c78acb20c75,1738,4000147442,4054232,"Kirkland Signature Coffee Organic Pacific Bold K-Cup Pod, 120-count",https://www.costco.com/p/-/4054232,,,0,0,https://www.costco.com/kirkland-signature-groceries.html,2026-10-02T23:58:31.031610+00:00
0610b24f-6690-586b-ae3a-58d0a4fc8aa3,1738,100336580,1001368,"Kirkland Signature, Organic Quinoa, 4.5 lbs",https://www.costco.com/p/-/1001368,,,0,0,https://www.costco.com/kirkland-signature-groceries.html,2026-10-02T23:58:31.031610+00:00
30643a97-a676-588f-b24b-7438bdbf0969,1738,100361434,17767,"Kirkland Signature Colombian Coffee, Dark Roast, 3 lbs",https://www.costco.com/p/-/17767,,,0,0,https://www.costco.com/kirkland-signature-groceries.html,2026-10-02T23:58:31.031610+00:00
207ce10e-10e8-5bab-b6ea-d615215aefb9,1738,100334877,633563,"Kirkland Signature, Organic Tomato Sauce, 15 oz, 12-Count",https://www.costco.com/p/-/633563,,,0,0,https://www.costco.com/kirkland-signature-groceries.html,2026-10-02T23:58:31.031610+00:00
760ec58d-fde8-59bc-8153-5069531fde80,1738,100381407,1147377,"Kirkland Signature Organic Blue Agave, 36 oz, 2-count",https://www.costco.com/p/-/1147377,,,0,0,https://www.costco.com/kirkland-signature-groceries.html,2026-10-02T23:58:31.031610+00:00
ede75614-1ee9-5995-ad85-9886bd523031,1738,100334136,1032932,"Kirkland Signature Organic Raw Honey, 24 oz, 3-count",https://www.costco.com/p/-/1032932,,,0,0,https://www.costco.com/kirkland-signature-groceries.html,2026-10-02T23:58:31.031610+00:00
a9d20bb8-451e-5ea8-8653-18aff9fb7280,1738,100115268,284601,"Kirkland Signature Supreme Whole Almonds, 3 lbs",https://www.costco.com/p/-/284601,,,0,0,https://www.costco.com/kirkland-signature-groceries.html,2026-10-02T23:58:31.031610+00:00
2b209fb1-d6e2-5f85-b69a-9c8a4ed4f557,1738,100527924,1323118,"Kirkland Signature Non-Stick Parchment Paper Rolls, 15 in x 164 ft, 2-pack",https://www.costco.com/p/-/1323118,,,0,0,https://www.costco.com/kirkland-signature-groceries.html,2026-10-02T23:58:31.031610+00:00
d127150b-c3f6-591d-a03d-0752b8c438f2,1738,4000214872,1748763,"Kirkland Signature Breakfast Sandwich, 4.82 oz, 8-count",https://www.costco.com/p/-/1748763,,,0,0,https://www.costco.com/kirkland-signature-groceries.html,2026-10-02T23:58:31.031610+00:00
8bfd6333-d28d-5152-856f-d2e148362c3d,1738,100334932,633564,"Kirkland Signature, Organic Tomato Paste, 6 oz, 12-Count",https://www.costco.com/p/-/633564,,,0,0,https://www.costco.com/kirkland-signature-groceries.html,2026-10-02T23:58:31.031610+00:00
8f742cc3-e970-5bf0-a8ec-a3358a630152,1738,100116721,31680,"Kirkland Signature Reynolds Foodservice Foil, 12 in x 1,000 ft",https://www.costco.com/p/-/31680,,,0,0,https://www.costco.com/kirkland-signature-groceries.html,2026-10-02T23:58:31.031610+00:00
2b52ad02-c71d-550b-b80d-325749e40329,1738,100410832,88744,"Kirkland Signature Meatballs, 6 lbs",https://www.costco.com/p/-/88744,,,0,0,https://www.costco.com/kirkland-signature-groceries.html,2026-10-02T23:58:31.031610+00:00
3bdbd4c6-e886-5d0c-8e16-fa819dde56f6,1738,100334839,384732,"Kirkland Signature, Pure Sea Salt, 30 oz",https://www.costco.com/p/-/384732,,,0,0,https://www.costco.com/kirkland-signature-groceries.html,2026-10-02T23:58:31.031610+00:00
6421fab2-e3bc-5eed-bb5e-3441cb7fc8ab,1738,100438733,1195303,"Kirkland Signature Dry Roasted Macadamia Nuts, 1.5 lbs",https://www.costco.com/p/-/1195303,,,0,0,https://www.costco.com/kirkland-signature-groceries.html,2026-10-02T23:58:31.031610+00:00
47bf558b-b6de-5faf-a89e-efbf0f01e0ad,1738,100460088,986654,"Unitex 100% Cotton Towel, White, 14 in x 17 in, 52-count",https://www.costco.com/p/-/986654,,,0,0,https://www.costco.com/household-cleaning.html,2026-10-02T23:59:37.248232+00:00
1e5a8ca3-d778-5119-a0f9-b02eafbc9cc6,1738,4000444448,8816886,"Finish Powerball Ultimate Quantum Dish Detergent Tabs, 90-count",https://www.costco.com/p/-/8816886,,,0,0,https://www.costco.com/household-cleaning.html,2026-10-02T23:59:37.248232+00:00
423ebc9b-d7e1-5ced-a55f-6d7ed3b4201e,1738,4000410069,1889510,"Kirkland Signature Powder Laundry Detergent, 200 Loads, 348.8 oz",https://www.costco.com/p/-/1889510,,,0,0,https://www.costco.com/household-cleaning.html,2026-10-02T23:59:37.248232+00:00
5311b657-7159-51d6-8637-587e61959028,1738,4000441835,1991335,"Mr. Clean Magic Eraser, Whole Home Extra Durable, 18-count",https://www.costco.com/p/-/1991335,,,0,0,https://www.costco.com/household-cleaning.html,2026-10-02T23:59:37.248232+00:00
26588421-3f3b-512a-8e8c-05fab38d8f3d,1738,4000092340,2218574,"Swiffer Sweeper Heavy Duty Wet Cloths, Lavender, 54-count",https://www.costco.com/p/-/2218574,,,0,0,https://www.costco.com/household-cleaning.html,2026-10-02T23:59:37.248232+00:00
54ccf60e-2da5-58a5-90c3-d7dee4a83480,1738,4201005849,2049492,"All Free & Clear Plus+ Laundry Detergent Mighty Pacs, 118-count",https://www.costco.com/p/-/2049492,,,0,0,https://www.costco.com/household-cleaning.html,2026-10-02T23:59:37.248232+00:00
1b301517-86cd-5566-9f38-fe710f114299,1738,100401358,1145682,"Scotch-Brite Lint Roller, 95-count, 5-pack",https://www.costco.com/p/-/1145682,,,0,0,https://www.costco.com/household-cleaning.html,2026-10-02T23:59:37.248232+00:00
045ccdc3-23ac-5e1d-a0e0-73884f95daa8,1738,4000350964,9675389,"Tide Plus Ultra Oxi Powder Laundry Detergent, Original, 143 Loads, 225 oz",https://www.costco.com/p/-/9675389,,,0,0,https://www.costco.com/household-cleaning.html,2026-10-02T23:59:37.248232+00:00
144665e6-29b7-5550-8473-eb916ddbe3af,1738,100687494,2345775,"Poo-Pourri Toilet Spray Variety Pack, 3.4 fl oz, 3-count",https://www.costco.com/p/-/2345775,,,0,0,https://www.costco.com/household-cleaning.html,2026-10-02T23:59:37.248232+00:00
1b972e58-be20-5a4c-8dfb-a124411bc9c3,1738,4000392766,1963239,"Airwick Scented Oils, 1 Plug-in + 9 Refills, Variety Pack, Assorted Scents",https://www.costco.com/p/-/1963239,,,0,0,https://www.costco.com/household-cleaning.html,2026-10-02T23:59:37.248232+00:00
fc28710c-70e3-5702-8a4f-99d68f7ce625,1738,4000383853,4223955,"Tide Advanced Care Liquid Laundry Detergent, Free & Gentle, 125 Loads, 154 fl oz",https://www.costco.com/p/-/4223955,,,0,0,https://www.costco.com/household-cleaning.html,2026-10-02T23:59:37.248232+00:00
29ec4200-e39f-5f42-8932-6c7fe2097ff2,1738,4201023635,2067029,"Tide Pods Unstopables Laundry Detergent Pods, Fresh, 80-count",https://www.costco.com/p/-/2067029,,,0,0,https://www.costco.com/household-cleaning.html,2026-10-02T23:59:37.248232+00:00
0b5fa4a6-44e8-561f-a102-c665de5b8153,1738,100381587,124502,"Nature Valley Protein Bar, Peanut Butter Dark Chocolate, 1.42 oz, 30-count",https://www.costco.com/p/-/124502,,,0,0,https://www.costco.com/snacks.html,2026-10-03T00:02:09.548300+00:00
0a9c638d-d003-58f2-8d91-bcc4dfe0c7d1,1738,4000042734,1645578,"Kirkland Signature Extra Fancy Mixed Nuts, Salted, 2.5 lbs",https://www.costco.com/p/-/1645578,,,0,0,https://www.costco.com/snacks.html,2026-10-03T00:02:09.548300+00:00
98011c7c-d0eb-5684-8416-d7ed2141e17e,1738,4000233544,1732802,"Kirkland Signature Sweet Heat Snack Mix, 24 oz",https://www.costco.com/p/-/1732802,,,0,0,https://www.costco.com/snacks.html,2026-10-03T00:02:09.548300+00:00
50035005-2281-51d9-9fb1-a453028db1e2,1738,100381415,1026583,"Skinny Pop Popcorn, 0.65 oz, 28-count",https://www.costco.com/p/-/1026583,,,0,0,https://www.costco.com/snacks.html,2026-10-03T00:02:09.548300+00:00
37bda498-b7e7-5553-b102-6ce1627670f5,1738,4000142365,1726382,"The SnakYard Organic Sweet Potato Sticks, 2.82 oz, 6-count",https://www.costco.com/p/-/1726382,,,0,0,https://www.costco.com/snacks.html,2026-10-03T00:02:09.548300+00:00
d0e1d6f9-8f11-5415-9430-f341b28e1762,1738,4000042930,1652577,"Kirkland Signature Extra Fancy Mixed Nuts, Unsalted, 2.5 lbs",https://www.costco.com/p/-/1652577,,,0,0,https://www.costco.com/snacks.html,2026-10-03T00:02:09.548300+00:00
e650de59-0405-52a7-a40c-d2ee1407c166,1738,100493043,1331206,"Pirate's Booty Aged White Cheddar Snack, 0.5 oz, 40-count",https://www.costco.com/p/-/1331206,,,0,0,https://www.costco.com/snacks.html,2026-10-03T00:02:09.548300+00:00
b30d7678-00dc-58dc-b927-da978328d52a,1738,100836033,1627770,"Frito Lay Classic Mix, 1 oz, Variety Pack, 54-count",https://www.costco.com/p/-/1627770,,,0,0,https://www.costco.com/snacks.html,2026-10-03T00:02:09.548300+00:00
8d6ea2c1-0c97-5536-be61-999440f71dee,1738,100741625,1532925,"Chomps Original Beef Sticks, Mild, 12 Individually Wrapped Sticks",https://www.costco.com/p/-/1532925,,,0,0,https://www.costco.com/snacks.html,2026-10-03T00:02:09.548300+00:00
d567af81-6a25-5a08-8fb4-882f5ec69b7f,1738,4000367875,1857160,"Kirkland Signature Grass-fed Beef Sticks, 1.15 oz, 12-count",https://www.costco.com/p/-/1857160,,,0,0,https://www.costco.com/snacks.html,2026-10-03T00:02:09.548300+00:00
3e8ab243-013b-58d1-b520-7b9779a1c149,1738,100383407,549797,"Lotus Biscoff Cookies, 8.8 oz., 4 Count",https://www.costco.com/p/-/549797,,,0,0,https://www.costco.com/snacks.html,2026-10-03T00:02:09.548300+00:00
ab05ba1a-c067-5a8f-9f8b-5d9180af2915,1738,100532544,1374492,"Welch's Fruit Snacks, .8 oz, 90-count",https://www.costco.com/p/-/1374492,,,0,0,https://www.costco.com/snacks.html,2026-10-03T00:02:09.548300+00:00
57e12549-bb30-52c0-a034-8a19076ad9a4,1738,4000099743,1669857,"Jackson's Kettle Cooked Sweet Potato Chips, Sea Salt, 16 oz",https://www.costco.com/p/-/1669857,,,0,0,https://www.costco.com/snacks.html,2026-10-03T00:02:09.548300+00:00
9afc701b-4239-5563-8542-225a721adb58,1738,100642169,1361170,"That's it Mini Fruit Bars, 24-count",https://www.costco.com/p/-/1361170,,,0,0,https://www.costco.com/snacks.html,2026-10-03T00:02:09.548300+00:00
dd62c978-afff-51bc-ace9-bddb45558c14,1738,4000026392,1675745,"Nonni’s Biscotti, Almond Dark Chocolate, 1.34 oz, 25-count",https://www.costco.com/p/-/1675745,,,0,0,https://www.costco.com/snacks.html,2026-10-03T00:02:18.852961+00:00
e5db9330-a8fc-5b41-8b1d-09f907bf74b4,1738,4201005708,1984999,"Kirkland Signature Rice Crackers, 32 oz",https://www.costco.com/p/-/1984999,,,0,0,https://www.costco.com/snacks.html,2026-10-03T00:02:18.852961+00:00
06108aef-a7fd-5e79-98cf-f786b23ab0c0,1738,100538227,1258564,"Country Archer Grass-Fed Beef Stick Minis Original, 0.5 oz, 28-Count",https://www.costco.com/p/-/1258564,,,0,0,https://www.costco.com/snacks.html,2026-10-03T00:02:18.852961+00:00
78a5d18a-03f2-5d4d-90d7-9f9669f05b85,1738,4000111758,1716201,"Nature's Garden, Probiotic Strawberry Yoggies, 0.7 oz,  30-count",https://www.costco.com/p/-/1716201,,,0,0,https://www.costco.com/snacks.html,2026-10-03T00:02:18.852961+00:00
95a7ae06-fc2b-5bc7-a870-9927da4a22f8,1738,4000416452,1685616,"Kirkland Signature Milk Chocolate Covered Almonds, 48 oz",https://www.costco.com/p/-/1685616,,,0,0,https://www.costco.com/snacks.html,2026-10-03T00:02:18.852961+00:00
e12e122e-3814-58f9-95d1-798dbc04d06b,1738,4000203095,1760616,"GoGo SqueeZ, Organic Applesauce, Variety Pack, 3.2 oz, 28-Count",https://www.costco.com/p/-/1760616,,,0,0,https://www.costco.com/snacks.html,2026-10-03T00:02:18.852961+00:00
ded3d3ad-e546-5522-becf-8925c15f37a6,1738,100243281,846156,"Nature Valley Crunchy Granola Bar, Oats 'n Honey, 1.49 oz, 49-count",https://www.costco.com/p/-/846156,,,0,0,https://www.costco.com/snacks.html,2026-10-03T00:02:18.852961+00:00
fbf9cbae-cd15-5f4f-b547-c38bc28b932f,1738,100403275,986292,"Clif Kid ZBar Organic Granola Bar, Variety Pack, 1.27 oz, 36-count",https://www.costco.com/p/-/986292,,,0,0,https://www.costco.com/snacks.html,2026-10-03T00:02:18.852961+00:00
4488a7bf-8009-5fa7-bca2-e6a9bb2ed9d5,1738,4000418227,2008684,Hoody's Honey Roasted Nut Mix,https://www.costco.com/p/-/2008684,,,0,0,https://www.costco.com/snacks.html,2026-10-03T00:02:18.852961+00:00
34ab00a8-40f1-55cd-a08f-9f51f134dd03,1738,100439543,1243186,"Heavenly Hunks Organic Oatmeal Dark Chocolate Cookies, 22 oz",https://www.costco.com/p/-/1243186,,,0,0,https://www.costco.com/snacks.html,2026-10-03T00:02:18.852961+00:00
443100de-577c-5f87-9ffe-64853d8004ed,1738,100698498,1491866,"Go Raw Sprouted Organic Pumpkin Seeds with Sea Salt, 22 oz",https://www.costco.com/p/-/1491866,,,0,0,https://www.costco.com/snacks.html,2026-10-03T00:02:18.852961+00:00
7d830d1c-d080-5da6-95e9-b4378c687ee8,1738,100368214,969786,"Meiji Hello Panda Chocolate Creme Filled Cookies, 0.75 oz, 32-count",https://www.costco.com/p/-/969786,,,0,0,https://www.costco.com/snacks.html,2026-10-03T00:02:18.852961+00:00
df974c86-6177-5678-a091-39984802a5de,1738,100805013,1599199,"Golden Island Pork Snack Bites, Korean Barbecue, 1.5 oz, 12-count",https://www.costco.com/p/-/1599199,,,0,0,https://www.costco.com/snacks.html,2026-10-03T00:02:18.852961+00:00
6e1c6c67-0388-589f-9254-2fa43271b877,1738,100840912,1632656,"PopCorners Popped Corn Snacks Variety Pack, 1 oz, 30-Count",https://www.costco.com/p/-/1632656,,,0,0,https://www.costco.com/snacks.html,2026-10-03T00:02:18.852961+00:00
bc619ae0-6e8e-542f-9e15-09e9a2c8535e,1738,4000252966,1816483,"Nabisco Cookies & Crackers, Variety Pack, 1 oz, 40-count",https://www.costco.com/p/-/1816483,,,0,0,https://www.costco.com/snacks.html,2026-10-03T00:02:18.852961+00:00
922696d0-d7ab-5582-9952-fbe36e479758,1738,4000400472,1984296,"Mezcla Puff-Crispy Bar, Pistachio Chocolate, 1.4 oz, 14-count",https://www.costco.com/p/-/1984296,,,0,0,https://www.costco.com/snacks.html,2026-10-03T00:02:18.852961+00:00
e80443ca-f637-5d2a-a70d-bab319a2fdfe,1738,4000332792,1905921,"Crunchmaster 6-Seed Multi-Grain Crackers, 28 oz",https://www.costco.com/p/-/1905921,,,0,0,https://www.costco.com/snacks.html,2026-10-03T00:02:18.852961+00:00
bafb1563-eed5-5598-bcf7-e0745845ed9f,1738,4000094517,1707643,"Milano Cookies, Double Dark Chocolate, 0.98 oz, 30-count",https://www.costco.com/p/-/1707643,,,0,0,https://www.costco.com/snacks.html,2026-10-03T00:02:29.804236+00:00
74d01403-e53b-5153-8b2f-a74683a19729,1738,100699040,1483585,"OREO Sandwich Cookies, Variety Pack, 60-count",https://www.costco.com/p/-/1483585,,,0,0,https://www.costco.com/snacks.html,2026-10-03T00:02:29.804236+00:00
aed95cb8-3255-515e-bf5f-d8794ee00d89,1738,100371248,1013100,"Goldfish Baked Snack Crackers, Cheddar, 1 oz, 45-count",https://www.costco.com/p/-/1013100,,,0,0,https://www.costco.com/snacks.html,2026-10-03T00:02:29.804236+00:00
899e6ed8-007d-54e0-9110-9567d8e4dec6,1738,4201003967,1658550,"Kirkland Signature Snacking Nuts Variety Pack, 1.6 oz, 21-count",https://www.costco.com/p/-/1658550,,,0,0,https://www.costco.com/snacks.html,2026-10-03T00:02:29.804236+00:00
6f5fabfc-1f99-5a42-bd9f-e1384edc991f,1738,100381517,560519,"WildRoot's Coastal Berry Trail Mix, 26 oz",https://www.costco.com/p/-/560519,,,0,0,https://www.costco.com/snacks.html,2026-10-03T00:02:29.804236+00:00
6e76f9c5-b33f-5b4c-8c99-62cf3d0f2d9f,1738,100421656,1229285,"BelVita Breakfast Biscuit, Cinnamon Brown Sugar, 1.76 oz, 30-count",https://www.costco.com/p/-/1229285,,,0,0,https://www.costco.com/snacks.html,2026-10-03T00:02:29.804236+00:00
ed6a0f3f-fe5c-55fd-a2ac-8845ce755fab,1738,100381489,663439,"Cheez-It Crackers, Cheddar, 1.5 oz, 45-count",https://www.costco.com/p/-/663439,,,0,0,https://www.costco.com/snacks.html,2026-10-03T00:02:29.804236+00:00
fc4791b0-de91-59cb-8f3a-ccedb572d030,1738,100696413,1489206,"Pringles Grab & Go Potato Crisps, Variety, 36-count",https://www.costco.com/p/-/1489206,,,0,0,https://www.costco.com/snacks.html,2026-10-03T00:02:29.804236+00:00
ec2b6338-c7ec-5004-9ac0-2bee4e890c66,1738,100679927,1472774,"Pure Organic Layered Fruit Bars, Variety Pack,  0.63 oz, 28-count",https://www.costco.com/p/-/1472774,,,0,0,https://www.costco.com/snacks.html,2026-10-03T00:02:29.804236+00:00
45741dc3-cc26-551c-9e6c-2e816a4850ff,1738,100347332,1123591,"Nature's Garden Organic Trail Mix Snack Packs, Variety Pack, 1.2 oz, 24-count",https://www.costco.com/p/-/1123591,,,0,0,https://www.costco.com/snacks.html,2026-10-03T00:02:29.804236+00:00
cc44076f-5f6f-59b2-b70a-1395083fd32f,1738,100792770,1564814,"Simple Mills Almond Flour Sea Salt Crackers, 10 oz, 2-count",https://www.costco.com/p/-/1564814,,,0,0,https://www.costco.com/snacks.html,2026-10-03T00:02:29.804236+00:00
eb5226fb-88df-57ec-b166-63d043e6060c,1738,4000385777,1966293,"Frito-Lay NFL Gameday Mix, 54-count",https://www.costco.com/p/-/1966293,,,0,0,https://www.costco.com/snacks.html,2026-10-03T00:02:29.804236+00:00
0763430d-b9af-53c0-b57d-c6276d370113,1738,100369040,142354,"RITZ Crackers, Original, 61.65 oz, 18-count",https://www.costco.com/p/-/142354,,,0,0,https://www.costco.com/snacks.html,2026-10-03T00:02:29.804236+00:00
35517ace-4428-5e3e-a40b-d0427e87711c,1738,100439457,1229303,"BelVita Breakfast Biscuits, Blueberry, 1.76 oz, 30-count",https://www.costco.com/p/-/1229303,,,0,0,https://www.costco.com/snacks.html,2026-10-03T00:02:29.804236+00:00
0de5433c-f8dc-5d27-bc7d-ca6154078376,1738,4000250022,1812863,"Nutella Biscuits, 9.7 oz, 4-count",https://www.costco.com/p/-/1812863,,,0,0,https://www.costco.com/snacks.html,2026-10-03T00:02:29.804236+00:00
6bc478f7-ed93-580f-8df1-6a14f0f8fe8d,1738,100436609,112266,"Madi Gran Panettone, 2.2 lbs",https://www.costco.com/p/-/112266,,,0,0,https://www.costco.com/snacks.html,2026-10-03T00:02:29.804236+00:00
02168cea-ec60-50d2-93c9-12ee7de9b27d,1738,4000420284,2010942,"Nature Valley Crispy Creamy Wafer Bars, Variety Pack, 1.3 oz, 28-count",https://www.costco.com/p/-/2010942,,,0,0,https://www.costco.com/snacks.html,2026-10-03T00:02:29.804236+00:00
22210637-f33c-5f7f-8d87-b6b4a5abefa5,1738,100643788,1391546,"Schwartz Brothers Bakery, Organic Everything Bagel Chips, 15 oz",https://www.costco.com/p/-/1391546,,,0,0,https://www.costco.com/snacks.html,2026-10-03T00:02:29.804236+00:00
8322c70d-498e-5f41-89d0-a3bf5c6cd05c,1738,100400518,1143330,"Ocean Spray Craisins, Whole Dried Cranberries, 64 oz",https://www.costco.com/p/-/1143330,,,0,0,https://www.costco.com/snacks.html,2026-10-03T00:02:29.804236+00:00
05791dfa-d680-563c-a5ce-6bb179d46c27,1738,100403304,1036671,"Nature Valley Biscuits with Almond Butter, 1.35 oz, 30-count",https://www.costco.com/p/-/1036671,,,0,0,https://www.costco.com/snacks.html,2026-10-03T00:02:29.804236+00:00
522c867d-c591-508a-8981-fc02cbb399d6,1738,100674223,1426611,"Loacker Minis Wafer Cookie Variety, 28.22 oz",https://www.costco.com/p/-/1426611,,,0,0,https://www.costco.com/snacks.html,2026-10-03T00:02:42.016169+00:00
93781671-3ade-5d1a-b4a2-e12436a2d4ee,1738,4000329562,1680310,"Variety Snack Pack, 40-count",https://www.costco.com/p/-/1680310,,,0,0,https://www.costco.com/snacks.html,2026-10-03T00:02:42.016169+00:00
5a42da79-edd6-50ee-b441-da68b1de2c15,1738,100334734,957330,"Kirkland Signature Snacking Nuts, Variety Pack, 1.6 oz, 30-count",https://www.costco.com/p/-/957330,,,0,0,https://www.costco.com/snacks.html,2026-10-03T00:02:42.016169+00:00
64f6d01b-cbb4-5f8b-bdba-74e85e67fdd1,1738,100113305,45221,"Cheez-It Crackers, Cheddar, 3 lbs",https://www.costco.com/p/-/45221,,,0,0,https://www.costco.com/snacks.html,2026-10-03T00:02:42.016169+00:00
0fab81d7-9f79-52bf-979a-fe16c5b98c89,1738,4000409855,1996983,"belVita Energy Snack Bites Variety Pack, 25-count",https://www.costco.com/p/-/1996983,,,0,0,https://www.costco.com/snacks.html,2026-10-03T00:02:42.016169+00:00
14b2646f-d2e0-5b3e-a810-bf8d80e78d05,1738,100401360,1082839,"FITCRUNCH Protein Bars, 16g Protein, Chocolate Peanut Butter, 1.62 oz, 18-count",https://www.costco.com/p/-/1082839,,,0,0,https://www.costco.com/snacks.html,2026-10-03T00:02:42.016169+00:00
93ddb258-e69a-539c-b056-3069641f19a4,1738,4000294926,1851141,"BUILT Puff Protein Bar, Variety Pack, 1.41 oz, 14-count",https://www.costco.com/p/-/1851141,,,0,0,https://www.costco.com/snacks.html,2026-10-03T00:02:42.016169+00:00
da918a87-c175-5381-b780-354faacc6804,1738,100453227,951243,"Mott's, Organic Apple Sauce, 3.9 oz, 36-Count",https://www.costco.com/p/-/951243,,,0,0,https://www.costco.com/snacks.html,2026-10-03T00:02:42.016169+00:00
6a68b4dc-849b-5e5c-8bb6-aa5c12491a51,1738,100377388,937348,"Sugar Bowl Bakery, Petite Palmiers, 32 oz",https://www.costco.com/p/-/937348,,,0,0,https://www.costco.com/snacks.html,2026-10-03T00:02:42.016169+00:00
5227d1f0-acef-5c7d-9415-a106ec178465,1738,100401345,1218715,"Nutella & GO! Hazelnut and Cocoa Spread With Breadsticks, 1.8 oz, 16 Pack",https://www.costco.com/p/-/1218715,,,0,0,https://www.costco.com/snacks.html,2026-10-03T00:02:42.016169+00:00
24441771-6815-5dab-b25a-a53b60a2474b,1738,4000022053,1672091,"Simply Fuel Protein Balls, 14.4 oz",https://www.costco.com/p/-/1672091,,,0,0,https://www.costco.com/snacks.html,2026-10-03T00:02:42.016169+00:00
a5fbfc94-0112-52f6-9b5f-b1bfd2337609,1738,100441043,219854,"La Dolce Vita Classic Italian Biscotti, 40 oz",https://www.costco.com/p/-/219854,,,0,0,https://www.costco.com/snacks.html,2026-10-03T00:02:42.016169+00:00
cfb10802-0408-5bed-8827-278c7d561bbe,1738,100756482,1542070,"Goldfish Baked Snack Crackers, Cheddar, 66 oz",https://www.costco.com/p/-/1542070,,,0,0,https://www.costco.com/snacks.html,2026-10-03T00:02:42.016169+00:00
8c0fb22d-346b-5822-8afb-464b27b629dd,1738,4000350969,1904630,"Pure Protein Bars, Variety Pack, 1.76 oz, 25-count",https://www.costco.com/p/-/1904630,,,0,0,https://www.costco.com/snacks.html,2026-10-03T00:02:42.016169+00:00
1f274191-6adb-5a6c-a6f7-0735f20fd591,1738,4201009280,2041830,"Chomps Chomplings Original Turkey Mini Sticks, 0.5 oz, 24-count",https://www.costco.com/p/-/2041830,,,0,0,https://www.costco.com/snacks.html,2026-10-03T00:02:42.016169+00:00
bcf60b30-0811-5701-a6fd-d18872fb1cbf,1738,4000064056,1617506,"Kirkland Signature Organic Whole Cashews, Unsalted, Unroasted, 2.5 lbs",https://www.costco.com/p/-/1617506,,,0,0,https://www.costco.com/snacks.html,2026-10-03T00:02:42.016169+00:00
b0681273-a4e9-5964-b28e-8e92156728cd,1738,4000204335,1761722,"RXBAR Protein Bars, Variety Pack, 14-count",https://www.costco.com/p/-/1761722,,,0,0,https://www.costco.com/snacks.html,2026-10-03T00:02:42.016169+00:00
c4b99a17-4c9b-56c4-ac29-be2ad61e65a7,1738,100389661,1089527,"Goldfish Baked Snacks, Variety Pack, 45-count",https://www.costco.com/p/-/1089527,,,0,0,https://www.costco.com/snacks.html,2026-10-03T00:02:42.016169+00:00
1ef48985-a649-5541-bce2-07e7be6ea560,1738,4000240522,1802191,"Siete Grain Free Sea Salt Tortilla Chips, 15 oz",https://www.costco.com/p/-/1802191,,,0,0,https://www.costco.com/snacks.html,2026-10-03T00:02:42.016169+00:00
f1255489-e446-5b6e-82e2-adc6217459a6,1738,100456939,587289,"Joy Luck Palace Double Egg Yolk and Lotus Seed Paste Moon Cakes, 24.7 oz, 4-Count",https://www.costco.com/p/-/587289,,,0,0,https://www.costco.com/snacks.html,2026-10-03T00:02:42.016169+00:00
6a00fee4-a9d9-56e0-81d7-421458f062e7,1738,4000418551,2009145,"Solely Organic Fruit Jerky Variety Pack, 0.8 oz, 16-count",https://www.costco.com/p/-/2009145,,,0,0,https://www.costco.com/snacks.html,2026-10-03T00:02:42.016169+00:00
c6c04fab-2e91-502f-9928-8f8bdc9f40b5,1738,4000336842,1910048,"SnakYard Organic Shitake Mushrooms, 14.11 oz",https://www.costco.com/p/-/1910048,,,0,0,https://www.costco.com/snacks.html,2026-10-03T00:02:42.016169+00:00
1d32fbc4-7ef4-5f88-a541-8d5e9900832a,1738,4000201023,1758990,"Miss Vickie's Kettle Cooked Potato Chips, 1.38 oz, Variety Pack, 30-count",https://www.costco.com/p/-/1758990,,,0,0,https://www.costco.com/snacks.html,2026-10-03T00:02:52.389309+00:00
59550dfe-745a-5be0-9b53-286d59e6c79b,1738,4000250881,1788968,"IQBAR Clean Protein Bars, Variety Pack, 1.6 oz, 18-count",https://www.costco.com/p/-/1788968,,,0,0,https://www.costco.com/snacks.html,2026-10-03T00:02:52.389309+00:00
3e037bfd-7214-5272-aafc-fe287cf0e999,1738,100383609,188140,"Frito Lay Classic Mix, Variety Pack, 30-count",https://www.costco.com/p/-/188140,,,0,0,https://www.costco.com/snacks.html,2026-10-03T00:02:52.389309+00:00
f47441e7-b140-5ebc-b6f1-139e10e40f98,1738,100334735,941275,"Kirkland Signature Organic Pine Nuts, 1.5 lbs",https://www.costco.com/p/-/941275,,,0,0,https://www.costco.com/snacks.html,2026-10-03T00:02:52.389309+00:00
51aa5c6d-95f0-5281-9a97-1b75a88b3abd,1738,4000187057,1742162,"Siete Grain Free Tortilla Chips, Variety Pack, 1 oz, 14-count",https://www.costco.com/p/-/1742162,,,0,0,https://www.costco.com/snacks.html,2026-10-03T00:02:52.389309+00:00
7c383cfb-387b-5f41-a1bc-2e03e05f751d,1738,4000259693,1824668,"Simply Protein Crispy Bar Variety Pack, 15-count",https://www.costco.com/p/-/1824668,,,0,0,https://www.costco.com/snacks.html,2026-10-03T00:02:52.389309+00:00
a1aca761-4548-58c5-a370-a6d9a4cf1dff,1738,4000377029,1956465,"Kize Life Changing Bars, Variety Pack, 12-count",https://www.costco.com/p/-/1956465,,,0,0,https://www.costco.com/snacks.html,2026-10-03T00:02:52.389309+00:00
d1b35e1b-71f3-5459-bafb-5d753f0d0596,1738,100397092,864917,"Wonderful Pistachios, Salt & Pepper, 3 lbs",https://www.costco.com/p/-/864917,,,0,0,https://www.costco.com/snacks.html,2026-10-03T00:02:52.389309+00:00
11a829ca-fa39-5f14-aa39-f343ff4d11d0,1738,4201029325,2081894,"Crown Bakeries Mini Muffin Bites, Birthday Cake, 1.65 oz, 20-count",https://www.costco.com/p/-/2081894,,,0,0,https://www.costco.com/snacks.html,2026-10-03T00:02:52.389309+00:00
05f75dd0-aedc-5f2a-9ed8-8c0d1afba7cb,1738,4201019919,2068507,"ONE Protein Bar, Variety Pack, 2.12 oz, 16-count",https://www.costco.com/p/-/2068507,,,0,0,https://www.costco.com/snacks.html,2026-10-03T00:02:52.389309+00:00
781bf36f-bc9b-562c-951e-ce2c5d2aea4a,1738,100442140,316780,"Cheetos Cheese Flavored Snacks, Crunchy, 28.8 oz",https://www.costco.com/p/-/316780,,,0,0,https://www.costco.com/snacks.html,2026-10-03T00:02:52.389309+00:00
ee0e22d6-845e-5886-a9f7-fcea9d0165e3,1738,100436999,1136479,"Country Archer Grass-Fed Beef Jerky, Mango Habanero, 16 oz",https://www.costco.com/p/-/1136479,,,0,0,https://www.costco.com/snacks.html,2026-10-03T00:02:52.389309+00:00
c2d7c066-bf41-5146-871a-b5b339a21107,1738,100581556,1388332,"Tropical Fields Organic Coconut Rolls, 11 oz",https://www.costco.com/p/-/1388332,,,0,0,https://www.costco.com/snacks.html,2026-10-03T00:02:52.389309+00:00
03eeab5b-5623-58af-81f1-31d575081284,1738,4000111426,1456653,"Kellogg's Cracker Collection, Variety Pack, 13-stacks",https://www.costco.com/p/-/1456653,,,0,0,https://www.costco.com/snacks.html,2026-10-03T00:02:52.389309+00:00
28c5958e-1b45-5bab-941c-3c37bf873c61,1738,4000237460,1713786,"Kirkland Signature Roasted Almonds, Sea Salt, 2.5 lbs",https://www.costco.com/p/-/1713786,,,0,0,https://www.costco.com/snacks.html,2026-10-03T00:02:52.389309+00:00
bdb8eacb-612d-5a59-bc03-415a2bd30633,1738,100423249,1010656,"Gourmet Nut Power Up Trail Mix, Mega Omega, 26 oz",https://www.costco.com/p/-/1010656,,,0,0,https://www.costco.com/snacks.html,2026-10-03T00:02:52.389309+00:00
ba3c5f06-499f-5d13-9c19-417f8bf7466f,1738,4000191539,1750825,"Gen Bake Churro Donut Bites, 30 oz",https://www.costco.com/p/-/1750825,,,0,0,https://www.costco.com/snacks.html,2026-10-03T00:02:52.389309+00:00
dbce84f5-57f5-5500-931e-ad45e0a9696b,1738,100387865,795269,"Carr's Table Water Crackers, Variety Pack, 25.5 oz",https://www.costco.com/p/-/795269,,,0,0,https://www.costco.com/snacks.html,2026-10-03T00:02:52.389309+00:00
592b132a-1f22-50dd-936e-3bf62de33ba0,1738,100393415,1060788,"Snack Factory Organic Original Pretzel Crisps, 28 oz",https://www.costco.com/p/-/1060788,,,0,0,https://www.costco.com/snacks.html,2026-10-03T00:02:52.389309+00:00
bca94b73-3e21-570d-86c0-ccffd2bdf2f4,1738,4000434872,2003097,"Quest Protein Bar Variety Pack, 2.12 oz, 16-count",https://www.costco.com/p/-/2003097,,,0,0,https://www.costco.com/snacks.html,2026-10-03T00:02:52.389309+00:00
1df34ffb-7551-57f4-b41a-674a3522cf6c,1738,4000424142,2008181,"Chomps Smokey BBQ Seasoned Beef Sticks, 1.15 oz, 12-count",https://www.costco.com/p/-/2008181,,,0,0,https://www.costco.com/snacks.html,2026-10-03T00:02:52.389309+00:00
8cf723c5-a973-5030-95c9-b4be180ff91c,1738,100441930,289685,"Sun-Maid Organic California Sun-Dried Raisins, 2 lbs, 2-count",https://www.costco.com/p/-/289685,,,0,0,https://www.costco.com/snacks.html,2026-10-03T00:02:52.389309+00:00
91ad079f-1179-5f5b-8a60-c48cd9c02560,1738,100368222,669434,"Cape Cod Kettle Cooked Potato Chips, 30 oz",https://www.costco.com/p/-/669434,,,0,0,https://www.costco.com/snacks.html,2026-10-03T00:02:52.389309+00:00
a016cbe4-1681-5aff-bab1-71e305978b49,1738,4000179943,1150189,"Skinny Pop Organic Popcorn, 14 oz",https://www.costco.com/p/-/1150189,,,0,0,https://www.costco.com/snacks.html,2026-10-03T00:02:52.389309+00:00
86085cf1-28a5-5678-ac8c-7c914aad5781,1738,100637149,1189000,"Kirkland Signature Fresh Mozzarella, 18 oz, 2-count",https://www.costco.com/p/-/1189000,,,0,0,https://www.costco.com/dairy-eggs-cheese.html,2026-10-03T00:03:51.036712+00:00
4c43dce8-c888-5a6e-96d6-07fdf2989a28,1738,4000345017,1920008,"Chobani Protein Lowfat Greek Yogurt, 6.7 oz, 16-count",https://www.costco.com/p/-/1920008,,,0,0,https://www.costco.com/dairy-eggs-cheese.html,2026-10-03T00:03:51.036712+00:00
43dc52e1-2ae5-57a6-b846-db8c59331046,1738,100710281,1484855,"Cello Variety Pack, Cracker Cut, Premium Sliced Cheeses, 2 lbs",https://www.costco.com/p/-/1484855,,,0,0,https://www.costco.com/dairy-eggs-cheese.html,2026-10-03T00:03:51.036712+00:00
8ad56992-a2e2-5be8-b8dc-e0efe13bb8fd,1738,100437629,1165284,"Kirkland Signature Shredded Mexican Style Blend Cheese, 2.5 lbs, 2-count",https://www.costco.com/p/-/1165284,,,0,0,https://www.costco.com/dairy-eggs-cheese.html,2026-10-03T00:03:51.036712+00:00
5769c774-dbbf-5a76-bc53-9ce9f9f7519f,1738,100437854,1172471,"Kerrygold Pure Irish Butter, Salted, 8 oz, 4-count",https://www.costco.com/p/-/1172471,,,0,0,https://www.costco.com/dairy-eggs-cheese.html,2026-10-03T00:03:51.036712+00:00
367cd067-2f4e-5bf5-be0c-c63311234979,1738,100433972,1048072,"Kirkland Signature Organic Greek Yogurt, 48 oz",https://www.costco.com/p/-/1048072,,,0,0,https://www.costco.com/dairy-eggs-cheese.html,2026-10-03T00:03:51.036712+00:00
8043de3e-d469-56c7-bf75-5657696d3157,1738,100715989,7186561,"Kirkland Signature Organic Greek Feta, 28.2 oz",https://www.costco.com/p/-/7186561,,,0,0,https://www.costco.com/dairy-eggs-cheese.html,2026-10-03T00:03:51.036712+00:00
dccbfe73-2afd-5462-995a-f8db9ac8d5a7,1738,4201012739,2059712,"Chobani 20g Protein Lowfat Plain Greek Yogurt, 40 oz",https://www.costco.com/p/-/2059712,,,0,0,https://www.costco.com/dairy-eggs-cheese.html,2026-10-03T00:03:51.036712+00:00
73ea1a05-141e-5376-9a0c-908015f3cbfa,1738,100436420,1116038,"Kirkland Signature Shredded Mozzarella Cheese, 2.5 lbs, 2-count",https://www.costco.com/p/-/1116038,,,0,0,https://www.costco.com/dairy-eggs-cheese.html,2026-10-03T00:03:51.036712+00:00
c98e88f9-8379-5c5e-9a3f-c67932e22f59,1738,100368194,1005641,"Chobani Greek Yogurt Variety Pack, 5.3 oz, 20-count",https://www.costco.com/p/-/1005641,,,0,0,https://www.costco.com/dairy-eggs-cheese.html,2026-10-03T00:03:51.036712+00:00
fffe8269-9cab-5f7a-8842-33832caf0b36,1738,100439445,1207907,"Kerrygold Pure Unsalted Irish Butter, 8 oz, 4-count",https://www.costco.com/p/-/1207907,,,0,0,https://www.costco.com/dairy-eggs-cheese.html,2026-10-03T00:03:51.036712+00:00
c9e75a0e-39c2-5106-8000-8bff34426939,1738,4000109678,1719185,"Babybel Mini Snack Cheese, Original, 0.71 oz, 36-count",https://www.costco.com/p/-/1719185,,,0,0,https://www.costco.com/dairy-eggs-cheese.html,2026-10-03T00:03:51.036712+00:00
fe9c00d5-3584-595e-87d8-0e7f9af85a4e,1738,100462183,1271446,"Oikos Triple Zero Greek Nonfat Yogurt, Variety Pack, 5.3 oz, 18-count",https://www.costco.com/p/-/1271446,,,0,0,https://www.costco.com/dairy-eggs-cheese.html,2026-10-03T00:03:51.036712+00:00
d74ab1f2-f878-51d7-8f56-2ee477afea27,1738,100416444,26802,"President Crumbled Feta Cheese, 1.5 lbs",https://www.costco.com/p/-/26802,,,0,0,https://www.costco.com/dairy-eggs-cheese.html,2026-10-03T00:03:51.036712+00:00
d26a5fb2-376e-5108-bc1b-380ffeacad2d,1738,100377729,186626,"Kirkland Signature Aged Parmigiano Reggiano Cheese, Shredded, 1 lb",https://www.costco.com/p/-/186626,,,0,0,https://www.costco.com/dairy-eggs-cheese.html,2026-10-03T00:03:51.036712+00:00
54c073d7-f450-5d54-bf3f-8576ef27d86d,1738,100442159,303285,"Finlandia Premium Cheese Slices, 2 lbs",https://www.costco.com/p/-/303285,,,0,0,https://www.costco.com/dairy-eggs-cheese.html,2026-10-03T00:03:51.036712+00:00
7d7fa923-e017-52fa-829c-9b6b354230d8,1738,100423100,96928,"Kraft Singles American Cheese, 96 Slices, 4 lbs",https://www.costco.com/p/-/96928,,,0,0,https://www.costco.com/dairy-eggs-cheese.html,2026-10-03T00:03:51.036712+00:00
0d3fee24-48bd-518b-bd6d-e073c21bc1cf,1738,100453313,967892,"BelGioioso Fresh Mozzarella Snacking Cheese, 1 oz, 24-count",https://www.costco.com/p/-/967892,,,0,0,https://www.costco.com/dairy-eggs-cheese.html,2026-10-03T00:03:51.036712+00:00
268ec43b-1bcc-53cf-945a-89654bad3efe,1738,100443215,40532,"Philadelphia Original Cream Cheese Spread, 48 oz",https://www.costco.com/p/-/40532,,,0,0,https://www.costco.com/dairy-eggs-cheese.html,2026-10-03T00:03:51.036712+00:00
a33186f0-0f3a-52a6-89cd-d7953ab6548e,1738,4000283857,1847677,"Noosa Yoghurt Variety Pack, 4 oz, 12-count",https://www.costco.com/p/-/1847677,,,0,0,https://www.costco.com/dairy-eggs-cheese.html,2026-10-03T00:03:51.036712+00:00
1fa2398f-69f5-5bd4-86b3-f4789ab7f0c8,1738,4000099834,9090,"Kirkland Signature Fresh Goat Cheese, 10.5 oz, 2-count",https://www.costco.com/p/-/9090,,,0,0,https://www.costco.com/dairy-eggs-cheese.html,2026-10-03T00:03:51.036712+00:00
2b472dbf-b350-5f9d-b136-6f2401c10c11,1738,100439614,1239452,"Busseto California Snackin' Bite Size Salami & Provolone Cheese, 8-count",https://www.costco.com/p/-/1239452,,,0,0,https://www.costco.com/dairy-eggs-cheese.html,2026-10-03T00:03:51.036712+00:00
d01f9cba-c161-5798-a2bb-bbcc848ce304,1738,100443302,41181,"Emmi Le Gruyere AOP Cheese, 1 lb",https://www.costco.com/p/-/41181,,,0,0,https://www.costco.com/dairy-eggs-cheese.html,2026-10-03T00:03:51.036712+00:00
8de66ffc-3901-5366-9bcb-73638a3ac4a2,1738,100713067,1424237,"Kirkland Signature Grass-Fed Butter, 8 oz, 4-count",https://www.costco.com/p/-/1424237,,,0,0,https://www.costco.com/dairy-eggs-cheese.html,2026-10-03T00:03:51.036712+00:00
3ef22afb-9407-50bf-bf02-0e3d76b9d0f2,1738,4000438966,1981743,"Kirkland Signature Five Cheese Tortelloni, 24 oz, 2-count",https://www.costco.com/p/-/1981743,,,0,0,https://www.costco.com/deli.html,2026-10-03T00:04:56.358151+00:00
dccdd2ab-da15-59b1-bcdd-ea09718c3678,1738,100442469,31801,"Morey's Seasoned Wild Alaskan Salmon, 6-Count",https://www.costco.com/p/-/31801,,,0,0,https://www.costco.com/deli.html,2026-10-03T00:04:56.358151+00:00
ad1bafcf-8ccd-5845-ac09-6e2add63d947,1738,100456680,1239636,"Good Foods Organic Avocado Mash, Sea Salt and Black Pepper, 2 oz, 16-count",https://www.costco.com/p/-/1239636,,,0,0,https://www.costco.com/deli.html,2026-10-03T00:04:56.358151+00:00
1c4eb348-4910-5f96-81af-1bf0ec9f4653,1738,4000159426,1644309,"Kirkland Signature Wild Smoked Sockeye Salmon, 8 oz, 2-count",https://www.costco.com/p/-/1644309,,,0,0,https://www.costco.com/deli.html,2026-10-03T00:04:56.358151+00:00
42903837-997b-5d87-a413-25f748151859,1738,100638780,1285362,"Kirkland Signature Chunky Guacamole, Organic, 2.5 oz, 16-count",https://www.costco.com/p/-/1285362,,,0,0,https://www.costco.com/deli.html,2026-10-03T00:04:56.358151+00:00
634476ea-67d0-5d5b-b6cd-3461bc6d660a,1738,100435916,1098785,"Wildbrine Raw Organic Sauerkraut, 50 oz",https://www.costco.com/p/-/1098785,,,0,0,https://www.costco.com/deli.html,2026-10-03T00:04:56.358151+00:00
93817e99-df36-5188-ae7f-91fa58e1438b,1738,100791659,6101960,"Kirkland Signature Organic Spinach & Cheese Ravioli, 22 oz, 2-count",https://www.costco.com/p/-/6101960,,,0,0,https://www.costco.com/deli.html,2026-10-03T00:04:56.358151+00:00
b49e8ab6-7a52-5f0c-9b9f-fd36f2448ee9,1738,100390593,222464,"Petite Cuisine Mozzarella Sticks in a Crispy Seasoned Breading, 5 lb",https://www.costco.com/p/-/222464,,,0,0,https://www.costco.com/deli.html,2026-10-03T00:04:56.358151+00:00
57a45973-77d0-5199-9a8a-28375757c9ed,1738,100578882,409627,"Frito Lay Tostitos Salsa Con Queso Dip, 23 oz, 2-count",https://www.costco.com/p/-/409627,,,0,0,https://www.costco.com/deli.html,2026-10-03T00:04:56.358151+00:00
d85b6028-493f-57e8-98cd-ca37e85843aa,1738,100444534,50550,"Hebrew National 100% Kosher Beef Franks, 12 oz, 4-count, 28 Beef Franks Total",https://www.costco.com/p/-/50550,,,0,0,https://www.costco.com/deli.html,2026-10-03T00:04:56.358151+00:00
9350e088-51b3-5322-979e-0cfcd27c1b69,1738,4000036664,2251987,"Kirkland Signature Organic Roasted Pine Nut Hummus, 34 oz",https://www.costco.com/p/-/2251987,,,0,0,https://www.costco.com/deli.html,2026-10-03T00:04:56.358151+00:00
16a70109-00a9-53d2-aad1-55d1adc75267,1738,100638119,1263833,"Dietz & Watson Organic Roasted Turkey Breast, 9 oz, 3-count",https://www.costco.com/p/-/1263833,,,0,0,https://www.costco.com/deli.html,2026-10-03T00:04:56.358151+00:00
0fbab8e5-fc2e-529a-857f-c19ce209a7d2,1738,100645312,1433996,"Stonefire Authentic Flatbreads Naan Dippers, 19.4 oz",https://www.costco.com/p/-/1433996,,,0,0,https://www.costco.com/deli.html,2026-10-03T00:04:56.358151+00:00
34e90d90-a8d2-5372-a18b-df5db8a05273,1738,100436543,1124028,"Teton Waters Ranch Polish Sausage, 2.25 lbs",https://www.costco.com/p/-/1124028,,,0,0,https://www.costco.com/deli.html,2026-10-03T00:04:56.358151+00:00
054484f7-89d6-56b5-8e1a-a55ae615a3ff,1738,4000233733,1793017,"Jongga Sliced Napa Cabbage Kimchi, 52.9 oz",https://www.costco.com/p/-/1793017,,,0,0,https://www.costco.com/deli.html,2026-10-03T00:04:56.358151+00:00
c6760795-6046-5266-8776-62ce373b5799,1738,100809027,1603075,"Perfect Bar Refrigerated Organic Protein Bar, Variety, 12-count",https://www.costco.com/p/-/1603075,,,0,0,https://www.costco.com/deli.html,2026-10-03T00:04:56.358151+00:00
3b2264aa-ad7d-5e57-bbd2-7324360e4267,1738,4000262373,1775302,"Kirkland Signature Parmesan Black Pepper & Parmesan Chicken Sausage, 3 lbs",https://www.costco.com/p/-/1775302,,,0,0,https://www.costco.com/deli.html,2026-10-03T00:04:56.358151+00:00
d679fce2-437f-5278-b44e-f5dc409e3577,1738,4000149472,1611040,"Kirkland Signature Smoked Pulled Pork, Rubbed with Seasonings, 2 lbs",https://www.costco.com/p/-/1611040,,,0,0,https://www.costco.com/deli.html,2026-10-03T00:04:56.358151+00:00
6470f82c-9343-5d00-a147-9f322d8eb785,1738,4000281541,1830083,"Kirkland Signature Egg White with Cheese Trio and Peppers Egg Bites, 10-count",https://www.costco.com/p/-/1830083,,,0,0,https://www.costco.com/deli.html,2026-10-03T00:04:56.358151+00:00
7d15ab8d-1b02-5f26-a381-86923ca06d6c,1738,4000281502,1830081,"Kirkland Signature Uncured Bacon and Gouda Egg Bites, 10-count",https://www.costco.com/p/-/1830081,,,0,0,https://www.costco.com/deli.html,2026-10-03T00:04:56.358151+00:00
1fbc610a-69dd-5b9d-ab66-9eb9485dab37,1738,100587787,1006856,"Mama Mancini's Jumbo Beef Meatballs, 48 oz",https://www.costco.com/p/-/1006856,,,0,0,https://www.costco.com/deli.html,2026-10-03T00:04:56.358151+00:00
7876b12a-bcf7-523b-bbc6-f0bce20126e3,1738,4000428916,2007587,Harry's Chrome Edition Razor Set 16 Cartridges + 1 Handle,https://www.costco.com/p/-/2007587,,,0,0,https://www.costco.com/health-beauty.html,2026-10-03T00:05:35.771161+00:00
b1b66240-09f1-524b-89aa-592c41056597,1738,4000024702,1674070,"Emergen-C 1000 mg Vitamin C Daily Immune Support Variety Pack Drink Mix, 120 Packets",https://www.costco.com/p/-/1674070,,,0,0,https://www.costco.com/health-beauty.html,2026-10-03T00:05:35.771161+00:00
62ddb81c-856f-5723-bba3-27e1368c33e1,1738,4000401195,1985130,"youtheory Concentrated Effect Verisol Collagen with Biotin, 345 Count",https://www.costco.com/p/-/1985130,,,0,0,https://www.costco.com/health-beauty.html,2026-10-03T00:05:35.771161+00:00
94a69f27-715e-5137-b2cf-aec0e3d556d7,1738,4201000175,2049977,"youtheory Total Body Turmeric, 90 Vegetarian Capsules",https://www.costco.com/p/-/2049977,,,0,0,https://www.costco.com/health-beauty.html,2026-10-03T00:05:35.771161+00:00
a753cf36-aff0-572e-8288-1471547d91a0,1738,4201023855,2011581,Sharper Image Power Percussion Duo Max Deep Tissue Massager,https://www.costco.com/p/-/2011581,,,0,0,https://www.costco.com/health-beauty.html,2026-10-03T00:05:35.771161+00:00
4f662e4b-bc50-5683-8a5d-bc17c81c1bd6,1738,100353011,1148964,"PreserVision AREDS 2 Formula, 210 Soft Gels",https://www.costco.com/p/-/1148964,,,0,0,https://www.costco.com/health-beauty.html,2026-10-03T00:05:35.771161+00:00
dc4aee8c-e649-58b5-8f35-a0b8511dc79f,1738,100483575,1327667,"Nature Made CoQ10 400 mg., 90 Softgels",https://www.costco.com/p/-/1327667,,,0,0,https://www.costco.com/health-beauty.html,2026-10-03T00:05:35.771161+00:00
779000a9-d346-5e6f-802d-92ffcd965171,1738,100422894,1252365,"Ensure Original Nutrition Shake, 8 fl. oz, 30-pack, Vanilla",https://www.costco.com/p/-/1252365,,,0,0,https://www.costco.com/health-beauty.html,2026-10-03T00:05:35.771161+00:00
937de304-5d0a-54b4-a8af-09f24b3c0827,1738,4201023902,2949962,Sharper Image Motorized Handheld Rolling Massager,https://www.costco.com/p/-/2949962,,,0,0,https://www.costco.com/health-beauty.html,2026-10-03T00:05:35.771161+00:00
b12bfd35-789b-5038-8572-3026035295b9,1738,4000434121,2021189,"Olay Essential Botanical Body Wash, 23.6 fl oz, 3-pack",https://www.costco.com/p/-/2021189,,,0,0,https://www.costco.com/health-beauty.html,2026-10-03T00:05:35.771161+00:00
12341c2c-ef46-5c6d-9d16-570c235de366,1738,4000387562,1959671,"Mr. Hyde Signature Pre-Workout Multi-flavor with Creatine, 72 Servings",https://www.costco.com/p/-/1959671,,,0,0,https://www.costco.com/health-beauty.html,2026-10-03T00:05:35.771161+00:00
7ba3e1de-5a34-5404-bd71-a0f363531f72,1738,4000427430,2025322,"Grüns Adult Greens Gummies, 35 Daily Packs",https://www.costco.com/p/-/2025322,,,0,0,https://www.costco.com/health-beauty.html,2026-10-03T00:05:35.771161+00:00
1fc03563-77f4-59c4-a350-0646f210bd05,1738,100949961,1445286,Sekkisei Emulsion Moisturizing Set,https://www.costco.com/p/-/1445286,,,0,0,https://www.costco.com/health-beauty.html,2026-10-03T00:05:35.771161+00:00
e2b8b47b-6b2f-56c3-8a35-f9eb120b806d,1738,100358150,667448,NeilMed Sinus Rinse Kit,https://www.costco.com/p/-/667448,,,0,0,https://www.costco.com/health-beauty.html,2026-10-03T00:05:35.771161+00:00
8e3dc85e-76f5-5ddf-9a5a-fb352d22fa92,1738,4000141950,3907391,"Oral-B iO Series 2 Complete Clean Rechargeable Electric Toothbrush, 2-pack",https://www.costco.com/p/-/3907391,,,0,0,https://www.costco.com/health-beauty.html,2026-10-03T00:05:35.771161+00:00
2fd35f18-1e2f-5232-8132-171adcb9462a,1738,4201023576,2075999,"FEELGOOD NAD+ NMN, 120 Vegan Capsules",https://www.costco.com/p/-/2075999,,,0,0,https://www.costco.com/health-beauty.html,2026-10-03T00:05:35.771161+00:00
3f0ea954-1cfb-5d9e-b4fd-c889a623b707,1738,100001184,553486,"Nature's Bounty Hair, Skin and Nails, 250 Softgels",https://www.costco.com/p/-/553486,,,0,0,https://www.costco.com/health-beauty.html,2026-10-03T00:05:35.771161+00:00
99c722b4-bd0b-5569-99e4-bf8fd2d7ca78,1738,4201023596,2076005,"FEELGOOD Magnesium Glycinate, 180 Vegan Capsules",https://www.costco.com/p/-/2076005,,,0,0,https://www.costco.com/health-beauty.html,2026-10-03T00:05:35.771161+00:00
32a70cb1-19e8-5e57-87b7-ffbd2cb55fca,1738,11312465,311676,"Kirkland Signature Aller-Tec, 365 Tablets",https://www.costco.com/p/-/311676,,,0,0,https://www.costco.com/health-beauty.html,2026-10-03T00:05:35.771161+00:00
a95fcf32-79b1-5915-8b89-deab97364016,1738,4000100002,1711799,"Kirkland Signature Extra Strength Energy Shot, 48 Bottles, 2 Ounces Each",https://www.costco.com/p/-/1711799,,,0,0,https://www.costco.com/health-beauty.html,2026-10-03T00:05:35.771161+00:00
5e591c7c-88e6-5c42-a25b-4b5fcb267352,1738,4000105235,1702153,"Crest Pro Health Advanced Toothpaste, 5.9 oz, 5-pack",https://www.costco.com/p/-/1702153,,,0,0,https://www.costco.com/health-beauty.html,2026-10-03T00:05:35.771161+00:00
f3bcaa71-abbb-5163-99c0-055569dadfee,1738,100736527,1303463,"Vital Proteins Collagen Peptides, Unflavored, 1.5 lbs",https://www.costco.com/p/-/1303463,,,0,0,https://www.costco.com/health-beauty.html,2026-10-03T00:05:35.771161+00:00
2f3e2adc-e4fe-56e0-90b0-a615183db58a,1738,11661893,580664,"Nature Made Prenatal Folic Acid + DHA, 150 Softgels",https://www.costco.com/p/-/580664,,,0,0,https://www.costco.com/health-beauty.html,2026-10-03T00:05:35.771161+00:00
64919b0e-20e1-5408-a4e6-b82876881301,1738,4201008704,2032156,"SmartyPants Kids Plus Multivitamin & Omegas, 180 Gummies",https://www.costco.com/p/-/2032156,,,0,0,https://www.costco.com/health-beauty.html,2026-10-03T00:05:35.771161+00:00
6257deb9-4581-5ee4-ab51-288e1860462f,1738,4000266418,1830585,"Airborne Gummy Immune Support Supplement, 90 Gummies",https://www.costco.com/p/-/1830585,,,0,0,https://www.costco.com/health-beauty.html,2026-10-03T00:05:47.640126+00:00
d694967a-a87b-52bc-a759-2f1382ef0055,1738,4000444814,2033364,OFF! Clean Feel Mosquito Repellent Picaridin DEET-free Bug Spray Set,https://www.costco.com/p/-/2033364,,,0,0,https://www.costco.com/health-beauty.html,2026-10-03T00:05:47.640126+00:00
f5ee4f23-2caf-57ec-b1f1-ad9b6a6f4fb8,1738,4000374415,1896208,"Q-tips Cotton Swabs, 1875-count",https://www.costco.com/p/-/1896208,,,0,0,https://www.costco.com/health-beauty.html,2026-10-03T00:05:47.640126+00:00
0e6f7f62-3637-55b4-ae31-8c7cf59332e2,1738,4000033127,1324595,"Lubriderm Daily Moisture Lotion, Fragrance Free 24 fl oz, 2-count + 6 fl oz Travel Size",https://www.costco.com/p/-/1324595,,,0,0,https://www.costco.com/health-beauty.html,2026-10-03T00:05:47.640126+00:00
588469fb-75f1-594c-95cd-06faf83aa716,1738,100778338,1561475,"CeraVe Moisturizing Cream Interchangeable Multi-Pack, 16 oz Jar with Pump + 16 oz Jar",https://www.costco.com/p/-/1561475,,,0,0,https://www.costco.com/health-beauty.html,2026-10-03T00:05:47.640126+00:00
2da265fb-d797-50a9-9352-801f28e509f6,1738,100405668,897980,"Kirkland Signature Children's Multivitamin, 320 Gummies",https://www.costco.com/p/-/897980,,,0,0,https://www.costco.com/health-beauty.html,2026-10-03T00:05:47.640126+00:00
c960b4a7-f116-560f-bb12-9b58d9556969,1738,4201026692,7161149,Philips Norelco All-in-One Electric Shaver and Trimmer with 24 Attachments,https://www.costco.com/p/-/7161149,,,0,0,https://www.costco.com/health-beauty.html,2026-10-03T00:05:47.640126+00:00
741113ce-90ed-5026-afd1-07a50bf33e77,1738,4000256329,1820576,"eos Natural USDA Organic Lip Balm, 9 Sticks",https://www.costco.com/p/-/1820576,,,0,0,https://www.costco.com/health-beauty.html,2026-10-03T00:05:47.640126+00:00
afedd6b5-5da8-5a7e-95b2-9cbefae55a6c,1738,100654716,1423302,"trunature Women's Daily Probiotic, 90 Vegetarian Capsules",https://www.costco.com/p/-/1423302,,,0,0,https://www.costco.com/health-beauty.html,2026-10-03T00:05:47.640126+00:00
c16c3f43-8923-51a9-8246-78acde4e11be,1738,4000061877,1698212,"Nature Made Fish Oil 2400 mg, 300 Softgels",https://www.costco.com/p/-/1698212,,,0,0,https://www.costco.com/health-beauty.html,2026-10-03T00:05:47.640126+00:00
a1769d56-77b2-5da2-8e22-a645b83f2ae0,1738,4201004860,2027490,"Orgain 30g Ultra Filtered A2 Milk Protein Shake, Chocolate, 11 fl oz, 15-count",https://www.costco.com/p/-/2027490,,,0,0,https://www.costco.com/health-beauty.html,2026-10-03T00:05:47.640126+00:00
e1d25665-52dc-5c74-ba14-ae666db7545c,1738,4000317780,1886852,"Sports Research Magtein Magnesium L-Threonate, 2000 mg, 135 Veggie Capsules",https://www.costco.com/p/-/1886852,,,0,0,https://www.costco.com/health-beauty.html,2026-10-03T00:05:47.640126+00:00
f5b94de1-8171-59db-bb9d-badfde3b4dea,1738,4000181013,1742398,"youtheory Ashwagandha 1000 mg, 180 Vegetarian Capsules",https://www.costco.com/p/-/1742398,,,0,0,https://www.costco.com/health-beauty.html,2026-10-03T00:05:47.640126+00:00
6a2ca0c4-9d3e-53a6-b587-84c9c3846fd3,1738,100338967,1060126,"Terra Kai USDA Organic Juce Super Fruit & Veggie Powder, 12.2 Ounces",https://www.costco.com/p/-/1060126,,,0,0,https://www.costco.com/health-beauty.html,2026-10-03T00:05:47.640126+00:00
a307d1aa-6d59-526b-94a5-f805afa43986,1738,4000251346,1814790,"Zena USDA Organic Supergreens Fruits & Vegetables Powder, 45 Stick Packets",https://www.costco.com/p/-/1814790,,,0,0,https://www.costco.com/health-beauty.html,2026-10-03T00:05:47.640126+00:00
77e209d3-c055-5369-bfcf-5fd68f30e83b,1738,4000051981,1692715,"Qunol Magnesium Extra Strength 250 mg, 150 Gummies",https://www.costco.com/p/-/1692715,,,0,0,https://www.costco.com/health-beauty.html,2026-10-03T00:05:47.640126+00:00
61ae7978-a611-58f9-ae30-ff45d01a3519,1738,100727293,1485984,"Fairlife Nutrition Plan, 30g Protein Shake, Chocolate, 11.5 fl oz, 18-pack",https://www.costco.com/p/-/1485984,,,0,0,https://www.costco.com/health-beauty.html,2026-10-03T00:05:47.640126+00:00
2754dabf-b242-50d6-b564-2872154b27fc,1738,100376963,572220,"Nature Made Iron, 65 mg, 365 Tablets",https://www.costco.com/p/-/572220,,,0,0,https://www.costco.com/health-beauty.html,2026-10-03T00:05:47.640126+00:00
ddb94d62-2232-5cb6-acc0-14e1eebc2877,1738,4000362373,1932071,"Liquid I.V. Hydration Multiplier, 30 Individual Serving Stick Packs in Resealable Pouch, Variety Pack",https://www.costco.com/p/-/1932071,,,0,0,https://www.costco.com/health-beauty.html,2026-10-03T00:05:47.640126+00:00
6c116660-241b-5821-869f-83d73f0270af,1738,100422901,1252372,"Ensure Plus Nutrition Shake, Vanilla, 8 fl. oz, 30-pack",https://www.costco.com/p/-/1252372,,,0,0,https://www.costco.com/health-beauty.html,2026-10-03T00:05:47.640126+00:00
533cd30a-baab-5efa-9ad3-cd87c8fff96e,1738,100448789,691740,"Ricola Sugar Free Lemon Mint Drops, 210 Drops",https://www.costco.com/p/-/691740,,,0,0,https://www.costco.com/health-beauty.html,2026-10-03T00:05:47.640126+00:00
3422ad52-1bc3-5e1e-845d-3120bf501f38,1738,4201005850,2056983,"Force Factor Hair Growth Accelerator, 90 Soft Chews",https://www.costco.com/p/-/2056983,,,0,0,https://www.costco.com/health-beauty.html,2026-10-03T00:05:47.640126+00:00
1335352d-9458-56bd-92a7-859bf035884b,1738,4000324979,1863995,"TheraBreath Icy Mint Oral Rinse, 1 Liter, 2-pack",https://www.costco.com/p/-/1863995,,,0,0,https://www.costco.com/health-beauty.html,2026-10-03T00:05:47.640126+00:00
b6084db0-7bc7-5f4a-b39e-8f0325e4b6da,1738,100143565,853472,"One A Day Women's Multivitamin, 300 Tablets",https://www.costco.com/p/-/853472,,,0,0,https://www.costco.com/health-beauty.html,2026-10-03T00:05:47.640126+00:00
3958ea7d-1c50-5e22-b69a-c8c8391e1866,1738,4000430343,2837566,Braun Series 9 Sport + Electric Shaver with Clean and Charge Station and Travel Case,https://www.costco.com/p/-/2837566,,,0,0,https://www.costco.com/health-beauty.html,2026-10-03T00:06:08.885611+00:00
701d32de-16e1-535e-8779-8ea0a374e36d,1738,4000449839,2033366,Flamingo by Harry's Moisture Plus Razor Set 11 Cartridges + 1 Handle,https://www.costco.com/p/-/2033366,,,0,0,https://www.costco.com/health-beauty.html,2026-10-03T00:06:08.885611+00:00
e9934a08-8bbc-59fe-8428-049b5f6fa687,1738,4000388338,1969459,"OLLY Kids Multivitamin & Probiotic, 160 Gummies",https://www.costco.com/p/-/1969459,,,0,0,https://www.costco.com/health-beauty.html,2026-10-03T00:06:08.885611+00:00
3d570fc9-a29b-5f14-bdaa-e2c0d0d46d72,1738,4000413193,1998494,"SuperBeets Heart Gummies, Strawberry, 150ct",https://www.costco.com/p/-/1998494,,,0,0,https://www.costco.com/health-beauty.html,2026-10-03T00:06:08.885611+00:00
3ca8c6d9-d1fa-5fe7-81f2-2099f0f9c06d,1738,4201005086,2017037,"Orgain 35g Dairy Free Protein Shake, Creamy Chocolate 14 fl oz, 12-count",https://www.costco.com/p/-/2017037,,,0,0,https://www.costco.com/health-beauty.html,2026-10-03T00:06:08.885611+00:00
0225f717-563e-521d-bdcb-1a7f053eb867,1738,4201030133,2067295,"Native Body Wash Coconut & Vanilla, 34 fl oz, 2-pack",https://www.costco.com/p/-/2067295,,,0,0,https://www.costco.com/health-beauty.html,2026-10-03T00:06:08.885611+00:00
b1e8d72d-ea0a-5b75-b880-fc1a436b7e32,1738,100494097,1308590,"Nature Made Extra Strength Magnesium 400 mg., 180 Softgels",https://www.costco.com/p/-/1308590,,,0,0,https://www.costco.com/health-beauty.html,2026-10-03T00:06:08.885611+00:00
b34b219f-315c-52eb-8511-116a38225057,1738,4000377574,1957813,"Sports Research Multi Collagen, 180 Capsules",https://www.costco.com/p/-/1957813,,,0,0,https://www.costco.com/health-beauty.html,2026-10-03T00:06:08.885611+00:00
ab11f8f6-e4f9-5097-8b11-774958256e0b,1738,4201001406,2049358,"Liquid I.V. Hydration Multiplier, 30 Individual Serving Stick Packs in Resealable Pouch, Sugar Free, Variety Pack",https://www.costco.com/p/-/2049358,,,0,0,https://www.costco.com/health-beauty.html,2026-10-03T00:06:08.885611+00:00
fd68d4fe-27dd-5d45-b031-04fdf557bf44,1738,4000238412,1798586,"eos Super Balm 24 Hour Moisture, 5 Tubes",https://www.costco.com/p/-/1798586,,,0,0,https://www.costco.com/health-beauty.html,2026-10-03T00:06:08.885611+00:00
f0534520-35c4-5ddb-a69e-0691e760a862,1738,100393228,1195611,"Orgain Organic Protein and Superfoods Plant Based Protein Powder, Vanilla Bean, 2.7 lbs",https://www.costco.com/p/-/1195611,,,0,0,https://www.costco.com/health-beauty.html,2026-10-03T00:06:08.885611+00:00
63e54da0-7805-5c3b-beb5-8a75ead5a58e,1738,4000383963,1953411,"Old Spice Swagger Scent Boosted Aluminum Free Deodorant, 3 oz, 4-pack",https://www.costco.com/p/-/1953411,,,0,0,https://www.costco.com/health-beauty.html,2026-10-03T00:06:08.885611+00:00
c09b276f-cfa6-5ead-9c4a-a315b25ec4b0,1738,4000419100,2009618,"MaryRuth's Liquid Morning Multivitamin + Hair Growth, Peach Mango, 22 fl. oz., 2-pack",https://www.costco.com/p/-/2009618,,,0,0,https://www.costco.com/health-beauty.html,2026-10-03T00:06:08.885611+00:00
daff6768-2cee-54fe-9fbb-1233953d6a54,1738,100143268,853467,"One A Day Men's Multivitamin, 300 Tablets",https://www.costco.com/p/-/853467,,,0,0,https://www.costco.com/health-beauty.html,2026-10-03T00:06:08.885611+00:00
db12f16c-632e-59e4-b7ba-2c2d73bfa7d4,1738,4000387163,1968128,"youtheory Ashwagandha, 180 Gummies, Mixed Berry Flavor",https://www.costco.com/p/-/1968128,,,0,0,https://www.costco.com/health-beauty.html,2026-10-03T00:06:08.885611+00:00
0ba2a7f3-7ec0-5d91-b116-60c6fcad59b1,1738,4201035519,2046269,"Mrs. Meyer's Falliday Hand Soap, 16 fl oz, 4-pack",https://www.costco.com/p/-/2046269,,,0,0,https://www.costco.com/health-beauty.html,2026-10-03T00:06:08.885611+00:00
c945b8f4-ef81-5c9c-9bb2-c978ea5eeaba,1738,100656001,1446055,"Nature's Truth Organic Apple Cider Vinegar 500 mg., 120 Gummies",https://www.costco.com/p/-/1446055,,,0,0,https://www.costco.com/health-beauty.html,2026-10-03T00:06:08.885611+00:00
5f54efe8-4ebd-5b28-a518-dd04f52a8523,1738,100678859,1169865,"Nature Made Super C with Vitamin D3 and Zinc, 200 Tablets",https://www.costco.com/p/-/1169865,,,0,0,https://www.costco.com/health-beauty.html,2026-10-03T00:06:08.885611+00:00
c16d9fb3-caa2-5078-9a96-800c5e686ff7,1738,11245398,249375,"Kirkland Signature Glucosamine with MSM, 375 Tablets",https://www.costco.com/p/-/249375,,,0,0,https://www.costco.com/health-beauty.html,2026-10-03T00:06:08.885611+00:00
87a749e2-bcdd-5dd5-9b31-84729492a2e8,1738,4201018202,2070165,"Native Moisturizing Lotion Coconut & Vanilla, 23 fl oz, 2-pack",https://www.costco.com/p/-/2070165,,,0,0,https://www.costco.com/health-beauty.html,2026-10-03T00:06:08.885611+00:00
726016d8-86d0-5c9f-a82c-2a87e1063204,1738,4000382902,1908284,"Design Optics by Foster Grant #666 Classic Plastic Rectangle Reading Glasses, 3-pack",https://www.costco.com/p/-/1908284,,,0,0,https://www.costco.com/health-beauty.html,2026-10-03T00:06:08.885611+00:00
cada3af6-c71c-5dca-a1e1-6c7788c23172,1738,100387855,1187500,"trunature Advanced Digestive Probiotic, 100 Capsules",https://www.costco.com/p/-/1187500,,,0,0,https://www.costco.com/health-beauty.html,2026-10-03T00:06:08.885611+00:00
21cde798-b10f-5da7-82c9-cc9e789931ab,1738,4000334373,1906773,"OLLY Women's Multivitamin Gummy, 200 Gummies",https://www.costco.com/p/-/1906773,,,0,0,https://www.costco.com/health-beauty.html,2026-10-03T00:06:08.885611+00:00
737e9347-a6f4-556b-86d8-cc1254f93a3f,1738,11672433,588153,"Kirkland Signature Calcium Citrate, Magnesium and Zinc, 500 Tablets",https://www.costco.com/p/-/588153,,,0,0,https://www.costco.com/health-beauty.html,2026-10-03T00:06:08.885611+00:00
328a6d68-20f3-5ae5-946e-d6a307af8227,1738,4201011524,2060580,"Pantene Essential Botanicals Green Tea & Lily Hydrating Volume Shampoo, 38.2 fl oz",https://www.costco.com/p/-/2060580,,,0,0,https://www.costco.com/hair-care.html,2026-10-03T00:07:30.765386+00:00
22406b2c-7929-5234-9ad7-201553aabad9,1738,4000348787,1924746,"Super Nature Shampoo/Conditioner, 30 fl oz each",https://www.costco.com/p/-/1924746,,,0,0,https://www.costco.com/hair-care.html,2026-10-03T00:07:30.765386+00:00
fd88a610-c911-5c2d-8035-1e9a923a0921,1738,4000183076,1744700,"Pantene Multi-Tasker 10 Shampoo, 38.2 fl oz",https://www.costco.com/p/-/1744700,,,0,0,https://www.costco.com/hair-care.html,2026-10-03T00:07:30.765386+00:00
3f5d8ac5-5645-5eda-b1bb-e9f6800219e7,1738,4201032948,3847868,Dyson Airwrap i.d. Multi-Styler and Dryer with Chitosan Post-Style Serum,https://www.costco.com/p/-/3847868,,,0,0,https://www.costco.com/hair-care.html,2026-10-03T00:07:30.765386+00:00
8642d167-bbac-55ba-8b1b-73808693965d,1738,4000340685,1909829,"Dr. Groot Scalp Revitalizing Shampoo, 23.6 fl oz, 2-pack",https://www.costco.com/p/-/1909829,,,0,0,https://www.costco.com/hair-care.html,2026-10-03T00:07:30.765386+00:00
ea1067cb-68d1-5328-8192-e984b13d3383,1738,4000386976,1967795,"Honeyque Deep Repair Shampoo & Conditioner, 15.2 fl oz, 2-pack",https://www.costco.com/p/-/1967795,,,0,0,https://www.costco.com/hair-care.html,2026-10-03T00:07:30.765386+00:00
d7e516b2-83d0-5a25-bcf9-39b3ff314837,1738,100038030,778152,"Kirkland Signature Hair Regrowth Treatment Minoxidil Foam for Men, 2.11 oz, 6-count",https://www.costco.com/p/-/778152,,,0,0,https://www.costco.com/hair-care.html,2026-10-03T00:07:30.765386+00:00
afe03539-a81a-56d4-add1-59404c135aa8,1738,4000363407,1939944,"Dove Intensive Repair Damage Therapy Shampoo & Conditioner Set, 33.8 fl oz",https://www.costco.com/p/-/1939944,,,0,0,https://www.costco.com/hair-care.html,2026-10-03T00:07:30.765386+00:00
3c65f982-fb98-5da2-ad92-1aa85ecbc4cd,1738,4000183119,1744701,"Pantene Multi-Tasker 10 Conditioner, 38.2 fl oz",https://www.costco.com/p/-/1744701,,,0,0,https://www.costco.com/hair-care.html,2026-10-03T00:07:30.765386+00:00
1538c3f6-7824-528d-9054-a19a7e89e932,1738,4201011465,2060578,"Pantene Essential Botanicals Green Tea & Lily Hydrating Volume Conditioner, 38.2 fl oz",https://www.costco.com/p/-/2060578,,,0,0,https://www.costco.com/hair-care.html,2026-10-03T00:07:30.765386+00:00
bc76ece4-38ff-571b-939c-1cf4999a086b,1738,4000432874,2025583,"Nexxus Advanced Hydration Therappe Humectress Shampoo & Conditioner, 32 fl oz each",https://www.costco.com/p/-/2025583,,,0,0,https://www.costco.com/hair-care.html,2026-10-03T00:07:30.765386+00:00
b314c09e-1b4d-569f-b6bc-6fac2e93b08f,1738,4000430793,1968702,&honey Deep Moist Shampoo & Conditioner Set,https://www.costco.com/p/-/1968702,,,0,0,https://www.costco.com/hair-care.html,2026-10-03T00:07:30.765386+00:00
ca3f0ed5-a43e-593d-a82d-7be2c182b7ed,1738,4201032860,2749064,Dyson Supersonic Nural Hair Dryer with Chitosan Post-Style Serum,https://www.costco.com/p/-/2749064,,,0,0,https://www.costco.com/hair-care.html,2026-10-03T00:07:30.765386+00:00
aed39051-2da2-5c9c-b2c7-53742f0b042d,1738,4201032896,2659551,Dyson Airstrait Wet-to-Dry Straightener with Omega Hydrating Hair Oil,https://www.costco.com/p/-/2659551,,,0,0,https://www.costco.com/hair-care.html,2026-10-03T00:07:30.765386+00:00
94d45f3b-24c1-5e4c-b6cd-624fbefc0484,1738,4000427499,2015479,"Dr. Groot Scalp Revitalizing Conditioner, 9.46 fl oz, 2-pack",https://www.costco.com/p/-/2015479,,,0,0,https://www.costco.com/hair-care.html,2026-10-03T00:07:30.765386+00:00
d74593a4-80a0-5bd3-abeb-d4b536c3c7f4,1738,4000427496,2017995,"L'Oreal Paris Voluminous Panorama Mascara, Blackest Black, 0.33 fl oz, 2 -pack",https://www.costco.com/p/-/2017995,,,0,0,https://www.costco.com/cosmetics.html,2026-10-03T00:08:23.085595+00:00
9bce0634-2f85-5001-bcf8-4c8b9a1dbedc,1738,4000063845,1699741,"Gillette Venus ComfortGlide Essential Botanicals, 1 Razor + 12 Cartridges Gel",https://www.costco.com/p/-/1699741,,,0,0,https://www.costco.com/personal-care.html,2026-10-03T00:10:59.168754+00:00
7f7d2e4c-7eb3-5d79-97a5-9fb26c796a02,1738,100385266,617686,"Softsoap Advanced Clean Liquid Hand Soap Refill 80 oz, 2-pack",https://www.costco.com/p/-/617686,,,0,0,https://www.costco.com/personal-care.html,2026-10-03T00:10:59.168754+00:00
e466ed78-4f5f-5c18-9c8d-bc1c51659094,1738,4201027257,2043018,"Olay Daily Radiance Lotion Vitamin C + Niacinamide, 1.7 fl oz, 2-pack",https://www.costco.com/p/-/2043018,,,0,0,https://www.costco.com/personal-care.html,2026-10-03T00:10:59.168754+00:00
49e52071-f185-5fa3-bffb-6c8af7e0f846,1738,100844502,2028787,"Poise Advanced Ultimate Absorbency Incontinence and Postpartum Long Pads, 108-Count",https://www.costco.com/p/-/2028787,,,0,0,https://www.costco.com/personal-care.html,2026-10-03T00:10:59.168754+00:00
032c8980-b2d8-5899-bd0e-114821bb8ae6,1738,100799464,1366250,"Kirkland Signature Liquid Body Wash, Natural Citrus, 27 fl oz, 2-count",https://www.costco.com/p/-/1366250,,,0,0,https://www.costco.com/personal-care.html,2026-10-03T00:10:59.168754+00:00
dfdb9c88-166c-52f3-adc4-1d911cfdc53f,1738,4000340299,1908880,"Gillette Venus Ultra Smooth Razor, 11-count",https://www.costco.com/p/-/1908880,,,0,0,https://www.costco.com/personal-care.html,2026-10-03T00:10:59.168754+00:00
4f72f153-4e7f-50e6-b847-c21e84350d2e,1738,100736451,1502205,"Orgain Organic Protein and Superfoods Plant Based Protein Powder, Creamy Chocolate Fudge, 2.64 lbs",https://www.costco.com/p/-/1502205,,,0,0,https://www.costco.com/personal-care.html,2026-10-03T00:10:59.168754+00:00
4d5fba42-c3d5-5ab5-9dd1-07d1da08f205,1738,100745514,1281762,"Kirkland Signature Moisture Shampoo, 33.8 fl oz, 1-count",https://www.costco.com/p/-/1281762,,,0,0,https://www.costco.com/personal-care.html,2026-10-03T00:10:59.168754+00:00
00d585ef-a268-5dfc-ac48-7332e65bd932,1738,4000441192,1931211,Kirkland Signature Micellar Facial Cleansing Wipes 180-count,https://www.costco.com/p/-/1931211,,,0,0,https://www.costco.com/personal-care.html,2026-10-03T00:10:59.168754+00:00
437a65ae-dc7a-5ba6-8511-13aa55ca729a,1738,100643940,1397147,"Kirkland Signature Bar Soap with Shea Butter, 15 Bars",https://www.costco.com/p/-/1397147,,,0,0,https://www.costco.com/personal-care.html,2026-10-03T00:10:59.168754+00:00
a97ff125-36ab-50fd-9247-312fae0ec699,1738,4000062546,1695152,"Cetaphil Gentle Skin Cleanser, Dry to Normal Sensitive Skin, 20 fl oz, 2-count",https://www.costco.com/p/-/1695152,,,0,0,https://www.costco.com/personal-care.html,2026-10-03T00:10:59.168754+00:00
3990cd28-f6b1-5553-82bf-2a04922fb92f,1738,100733023,1492769,"Gillette Venus Sensitive Plus Disposable Razor, 15-count",https://www.costco.com/p/-/1492769,,,0,0,https://www.costco.com/personal-care.html,2026-10-03T00:10:59.168754+00:00
