sku,product_name,warehouse_id,category_url,product_url
6262016,"Kirkland Signature Bath Tissue, 2-Ply, 380 Sheets, 30 Rolls",1738,https://www.costco.com/grocery-household.html,https://www.costco.com/.product.6262016.html
512599,"Kirkland Signature Paper Towels, 2-Ply, 160 Sheets, 12 Individually Wrapped Rolls",1738,https://www.costco.com/grocery-household.html,https://www.costco.com/.product.512599.html
1089787,"Kirkland Signature Flex-Tech 13-Gallon Kitchen Trash Bag, 200-count",1738,https://www.costco.com/grocery-household.html,https://www.costco.com/.product.1089787.html
2189436,"Clorox Disinfecting Wipes, Variety Pack, 85-count, 5-pack",1738,https://www.costco.com/grocery-household.html,https://www.costco.com/.product.2189436.html
2727590,"Cascade Platinum Plus Dishwasher Detergent ActionPacs, Fresh, 82-count",1738,https://www.costco.com/grocery-household.html,https://www.costco.com/.product.2727590.html
1919326,"Bounty Advanced Paper Towels, 2-Ply, 103 Sheets, 12-count",1738,https://www.costco.com/grocery-household.html,https://www.costco.com/.product.1919326.html
2990929,"Dawn Platimum Advanced Power Dishwashing Liquid, 90 fl oz",1738,https://www.costco.com/grocery-household.html,https://www.costco.com/.product.2990929.html
1111161,"Dixie Ultra 10-1/16"" Paper Plate, 186-count",1738,https://www.costco.com/grocery-household.html,https://www.costco.com/.product.1111161.html
1725952,"Kirkland Signature Ultra Soft Bath Tissue, 2-Ply, 231 Sheets, 36 Rolls",1738,https://www.costco.com/grocery-household.html,https://www.costco.com/.product.1725952.html
1627770,"Frito Lay Classic Mix, 1 oz, Variety Pack, 54-count",1738,https://www.costco.com/grocery-household.html,https://www.costco.com/.product.1627770.html
1300658,"Kirkland Signature Flex-Tech 13-Gallon Scented Kitchen Trash Bags, 200-count",1738,https://www.costco.com/grocery-household.html,https://www.costco.com/.product.1300658.html
1668599,"Dixie Ultra 8-1/2"" Paper Plate, 240-count",1738,https://www.costco.com/grocery-household.html,https://www.costco.com/.product.1668599.html
692731,"Kirkland Signature, Organic Extra Virgin Olive Oil, 2 L",1738,https://www.costco.com/grocery-household.html,https://www.costco.com/.product.692731.html
33841,"Kirkland Signature Fresh Boneless Skinless Chicken Breasts, 6 lb Avg Wt",1738,https://www.costco.com/grocery-household.html,https://www.costco.com/.product.33841.html
1920495,"Lysol Disinfecting Wipes, Variety Pack, 95-count, 4-pack",1738,https://www.costco.com/grocery-household.html,https://www.costco.com/.product.1920495.html
723675,"Kleenex Trusted Care Facial Tissue, 2-Ply, 230-count, 10-pack",1738,https://www.costco.com/grocery-household.html,https://www.costco.com/.product.723675.html
1716201,"Nature's Garden, Probiotic Strawberry Yoggies, 0.7 oz,  30-count",1738,https://www.costco.com/grocery-household.html,https://www.costco.com/.product.1716201.html
1212860,"Kirkland Signature Soft & Chewy Granola Bars, 0.85 oz, 64-count",1738,https://www.costco.com/grocery-household.html,https://www.costco.com/.product.1212860.html
1481558,"SunChips Whole Grain, Variety, 1.5 oz, 30-count",1738,https://www.costco.com/grocery-household.html,https://www.costco.com/.product.1481558.html
1816483,"Nabisco Cookies & Crackers, Variety Pack, 1 oz, 40-count",1738,https://www.costco.com/grocery-household.html,https://www.costco.com/.product.1816483.html
2662877,"Lysol Advanced Toilet Bowl Cleaner, 32 fl oz, 4-count",1738,https://www.costco.com/grocery-household.html,https://www.costco.com/.product.2662877.html
320888,"Hershey's Assorted Bar Variety Pack, 30-count",1738,https://www.costco.com/grocery-household.html,https://www.costco.com/.product.320888.html
516822,"Kirkland Signature, Organic Chicken Stock, 32 fl oz, 6-Count",1738,https://www.costco.com/grocery-household.html,https://www.costco.com/.product.516822.html
1966293,"Frito-Lay NFL Gameday Mix, 54-count",1738,https://www.costco.com/grocery-household.html,https://www.costco.com/.product.1966293.html
897971,"Kirkland Signature, Organic Applesauce, 3.17 oz, 24-Count",1738,https://www.costco.com/grocery-household.html,https://www.costco.com/.product.897971.html
3797974,"Dawn Platinum Plus Powerwash Dish Soap Spray, Fresh Clean, 1 Starter Kit + 2 Refills",1738,https://www.costco.com/grocery-household.html,https://www.costco.com/.product.3797974.html
1299062,"Coca-Cola Mini, 7.5 fl oz, 30-count",1738,https://www.costco.com/grocery-household.html,https://www.costco.com/.product.1299062.html
1472774,"Pure Organic Layered Fruit Bars, Variety Pack, 0.63 oz, 28-count",1738,https://www.costco.com/grocery-household.html,https://www.costco.com/.product.1472774.html
51070,"Kirkland Signature, Chicken Breast, 12.5 oz, 6-Count",1738,https://www.costco.com/grocery-household.html,https://www.costco.com/.product.51070.html
1050557,"Kirkland Signature Peanut Butter Filled Pretzel Nuggets, 55 oz",1738,https://www.costco.com/grocery-household.html,https://www.costco.com/.product.1050557.html
705876,"M&M's, Snickers and More Chocolate Candy Bars, Variety Pack, 30-count",1738,https://www.costco.com/grocery-household.html,https://www.costco.com/.product.705876.html
1800219,"Downy Ultimate Infusions In-Wash Scent Booster Beads, Whimsical Wonder, 24.5 oz",1738,https://www.costco.com/grocery-household.html,https://www.costco.com/.product.1800219.html
221663,"Kleenex Ultra Soft Facial Tissue, 3-Ply, 85-count, 12-pack",1738,https://www.costco.com/grocery-household.html,https://www.costco.com/.product.221663.html
1185317,"Kellogg's Rice Krispies Treats, 0.78 oz, 60-count",1738,https://www.costco.com/grocery-household.html,https://www.costco.com/.product.1185317.html
1532925,"Chomps Original Beef Sticks, Mild, 12 Individually Wrapped Sticks",1738,https://www.costco.com/grocery-household.html,https://www.costco.com/.product.1532925.html
3006152,"Bounce Select a Size Fabric Softener Dryer Sheets, Outdoor Fresh, 400-count",1738,https://www.costco.com/grocery-household.html,https://www.costco.com/.product.3006152.html
1331206,"Pirate's Booty Aged White Cheddar Snack, 0.5 oz, 40 count",1738,https://www.costco.com/grocery-household.html,https://www.costco.com/.product.1331206.html
1026583,"Skinny Pop Popcorn, 0.65 oz, 28-count",1738,https://www.costco.com/grocery-household.html,https://www.costco.com/.product.1026583.html
1361170,"That's it Mini Fruit Bars, 24-count",1738,https://www.costco.com/grocery-household.html,https://www.costco.com/.product.1361170.html
1897229,"Ziploc Seal Top Bag, Variety Pack, 322-count",1738,https://www.costco.com/grocery-household.html,https://www.costco.com/.product.1897229.html
2848101,"Cascade Complete Shine Boost Dishwasher Detergent ActionPacs, Fresh, 92-count",1738,https://www.costco.com/grocery-household.html,https://www.costco.com/.product.2848101.html
1560969,"MadeGood Organic Granola Minis, Variety Pack, 0.85 oz, 24-count",1738,https://www.costco.com/grocery-household.html,https://www.costco.com/.product.1560969.html
1343983,"Donsuemor, Traditional Madeleines Cake, 1 oz, 28-Count",1738,https://www.costco.com/grocery-household.html,https://www.costco.com/.product.1343983.html
679131,"Kirkland Signature Organic Pure Maple Syrup, 33.8 oz",1738,https://www.costco.com/grocery-household.html,https://www.costco.com/.product.679131.html
4165769,"Kirkland Signature Facial Tissue, 3-Ply, 84-count, 12-pack",1738,https://www.costco.com/grocery-household.html,https://www.costco.com/.product.4165769.html
7609681,"Cascade Platinum Liquid Dishwasher Detergent, Fresh, 125 fl oz",1738,https://www.costco.com/grocery-household.html,https://www.costco.com/.product.7609681.html
1239519,"Kirkland Signature Ultra Clean Free & Clear HE Liquid Laundry Detergent, 146 loads, 194 fl oz",1738,https://www.costco.com/grocery-household.html,https://www.costco.com/.product.1239519.html
1709318,"Tide Ultra Concentrated Liquid Laundry Detergent, Original, 152 Loads, 170 fl oz",1738,https://www.costco.com/grocery-household.html,https://www.costco.com/.product.1709318.html
1239521,"Kirkland Signature Ultra Clean HE Liquid Laundry Detergent, 146 loads, 194 fl oz",1738,https://www.costco.com/grocery-household.html,https://www.costco.com/.product.1239521.html
625994,"Clorox ToiletWand Disposable Toilet Cleaning System, Rainforest Rush, 1 Wand & 36 Refills",1738,https://www.costco.com/grocery-household.html,https://www.costco.com/.product.625994.html
2043945,"Haribo Gummi Candy Happy Mix Variety Pack, 120-count",1738,https://www.costco.com/grocery-household.html,https://www.costco.com/.product.2043945.html
1857160,"Kirkland Signature Grass-fed Beef Sticks, 1.15 oz, 12-count",1738,https://www.costco.com/grocery-household.html,https://www.costco.com/.product.1857160.html
617686,"Softsoap Advanced Clean Liquid Hand Soap Refill, 80 oz, 2-pack",1738,https://www.costco.com/grocery-household.html,https://www.costco.com/.product.617686.html
1645578,"Kirkland Signature Extra Fancy Mixed Nuts, Salted, 2.5 lbs",1738,https://www.costco.com/grocery-household.html,https://www.costco.com/.product.1645578.html
1789130,"Kirkland Signature Ultra Shine Liquid Dish Soap, Fresh, 90 fl. oz.",1738,https://www.costco.com/grocery-household.html,https://www.costco.com/.product.1789130.html
1013100,"Goldfish Baked Snack Crackers, Cheddar, 1 oz, 45-count",1738,https://www.costco.com/grocery-household.html,https://www.costco.com/.product.1013100.html
3123235,"Starbucks Pike Place Medium Roast Single Cup Coffee K-Cup Pod, 72-count",1738,https://www.costco.com/grocery-household.html,https://www.costco.com/.product.3123235.html
1538359,"Kirkland Signature, Organic Fruit and Vegetable Pouches, Variety Pack, 3.17 oz, 24-count",1738,https://www.costco.com/grocery-household.html,https://www.costco.com/.product.1538359.html
1925833,"Kirkland Signature Sparkling Energy Drink, Variety Pack, 12 fl oz, 24-count",1738,https://www.costco.com/grocery-household.html,https://www.costco.com/.product.1925833.html
1481907,"Kirkland Signature Funhouse Treats, Variety Pack, 92 oz",1738,https://www.costco.com/grocery-household.html,https://www.costco.com/.product.1481907.html
509768,"3M Scotch Precision Ultra Edge 8"" Scissor, 3-count",1738,https://www.costco.com/grocery-household.html,https://www.costco.com/.product.509768.html
2725160,"Tide Pods Laundry Detergent Pods, Spring Meadow, 156-count",1738,https://www.costco.com/grocery-household.html,https://www.costco.com/.product.2725160.html
1374492,"Welch's Fruit Snacks, .8 oz, 90-count",1738,https://www.costco.com/grocery-household.html,https://www.costco.com/.product.1374492.html
555000,"Kirkland Signature Organic Peanut Butter, 28 oz, 2-count",1738,https://www.costco.com/grocery-household.html,https://www.costco.com/.product.555000.html
1840548,"Downy Soft Liquid Fabric Softener, April Fresh, 257 Loads, 150 fl oz",1738,https://www.costco.com/grocery-household.html,https://www.costco.com/.product.1840548.html
1485523,"Kirkland Signature Organic Unbleached All Purpose Flour, 10 lbs, 2-count",1738,https://www.costco.com/grocery-household.html,https://www.costco.com/.product.1485523.html
2218587,"Swiffer Duster Heavy Duty Dusting Kit, 1 Handle + 17 Refills",1738,https://www.costco.com/grocery-household.html,https://www.costco.com/.product.2218587.html
2312000,"Finish Jet-Dry Ultra Dishwasher Rinse Aid, 38 fl oz",1738,https://www.costco.com/grocery-household.html,https://www.costco.com/.product.2312000.html
1579880,"Coca-Cola Mini, Variety Pack, 7.5 fl oz, 30-count",1738,https://www.costco.com/grocery-household.html,https://www.costco.com/.product.1579880.html
5161251,"Downy Unstopables In-wash Scent Booster Beads, Fresh, 39.9 oz",1738,https://www.costco.com/grocery-household.html,https://www.costco.com/.product.5161251.html
913437,"Clorox Clean-Up All Purpose Cleaner with Bleach, Original, 32 fl oz Spray & 180 fl oz Refill",1738,https://www.costco.com/grocery-household.html,https://www.costco.com/.product.913437.html
477403,"Del Monte, Canned Cut Green Beans, 14.5 oz, 12-Count",1738,https://www.costco.com/grocery-household.html,https://www.costco.com/.product.477403.html
1685578,"Bibigo, Cooked Sticky White Rice Bowls, Medium Grain, 7.4 oz, 12-Count",1738,https://www.costco.com/grocery-household.html,https://www.costco.com/.product.1685578.html
1608549,"Ocean Spray, Cranberry Juice, Variety Pack, 10 fl oz, 24-Count",1738,https://www.costco.com/grocery-household.html,https://www.costco.com/.product.1608549.html
1483585,"OREO Sandwich Cookies, Variety Pack, 60-count",1738,https://www.costco.com/grocery-household.html,https://www.costco.com/.product.1483585.html
993449,"Garofalo, Organic Pasta, Variety Pack, 17.6 oz, 6-Count",1738,https://www.costco.com/grocery-household.html,https://www.costco.com/.product.993449.html
1331846,"Kirkland Signature Semi-Sweet Chocolate Chips, 4.5 lbs",1738,https://www.costco.com/grocery-household.html,https://www.costco.com/.product.1331846.html
1492456,"Kirkland Signature, Albacore Solid White Tuna in Water, 7 oz, 8-Count",1738,https://www.costco.com/grocery-household.html,https://www.costco.com/.product.1492456.html
1123591,"Nature's Garden Organic Trail Mix Snack Packs, Variety Pack, 1.2 oz, 24-count",1738,https://www.costco.com/grocery-household.html,https://www.costco.com/.product.1123591.html
1243186,"Heavenly Hunks Organic Oatmeal Dark Chocolate Cookies, 22 oz",1738,https://www.costco.com/grocery-household.html,https://www.costco.com/.product.1243186.html
5247022,"Tide Pods with Ultra Oxi Laundry Detergent Pods, 100-count",1738,https://www.costco.com/grocery-household.html,https://www.costco.com/.product.5247022.html
1760616,"GoGo SqueeZ, Organic Applesauce, Variety Pack, 3.2 oz, 28-count",1738,https://www.costco.com/grocery-household.html,https://www.costco.com/.product.1760616.html
1489206,"Pringles Grab & Go Potato Crisps, Variety, 36-count",1738,https://www.costco.com/grocery-household.html,https://www.costco.com/.product.1489206.html
1632656,"PopCorners Popped Corn Snacks Variety Pack, 1 oz, 30-Count",1738,https://www.costco.com/grocery-household.html,https://www.costco.com/.product.1632656.html
443298,"Kraft, Macaroni & Cheese Dinner Cup, 2.05 oz, 12-Count",1738,https://www.costco.com/grocery-household.html,https://www.costco.com/.product.443298.html
4054232,"Kirkland Signature Coffee Organic Pacific Bold K-Cup Pod, 120-count",1738,https://www.costco.com/grocery-household.html,https://www.costco.com/.product.4054232.html
162274,"Chicken of the Sea, Chunk Light Premium Tuna in Water, 7 oz, 12-Count",1738,https://www.costco.com/grocery-household.html,https://www.costco.com/.product.162274.html
4160644,"Gain +Oxi Liquid Laundry Detergent, Original, 159 Loads, 170 fl oz",1738,https://www.costco.com/grocery-household.html,https://www.costco.com/.product.4160644.html
1572002,"Campbell's, Simply Chicken Noodle Soup, 18.6 oz, 8-Count",1738,https://www.costco.com/grocery-household.html,https://www.costco.com/.product.1572002.html
980978,"Nissin Cup Noodles, Chicken, 2.5 oz, 24-count",1738,https://www.costco.com/grocery-household.html,https://www.costco.com/.product.980978.html
1717856,"Scotch-Brite Zero Scratch Sponge, 24-count",1738,https://www.costco.com/grocery-household.html,https://www.costco.com/.product.1717856.html
2990,"Honest Kids, Organic Juice Drink, Variety Pack, 6 fl oz, 40-count",1738,https://www.costco.com/grocery-household.html,https://www.costco.com/.product.2990.html
1377067,"Kirkland Signature Chewy Protein Bar, Peanut Butter & Semisweet Chocolate Chip, 1.41 oz, 42-Count",1738,https://www.costco.com/grocery-household.html,https://www.costco.com/.product.1377067.html
2054350,"Crest 3D White Brilliant Mint Whitening Toothpaste, 5.2 oz, 5-pack",1738,https://www.costco.com/grocery-household.html,https://www.costco.com/.product.2054350.html
1218891,"Vita Coco, Coconut Water, 11.1 fl oz, 18-count",1738,https://www.costco.com/grocery-household.html,https://www.costco.com/.product.1218891.html
1407434,"Nongshim, Tonkotsu Ramen Bowl, 3.56 oz, 6-Count",1738,https://www.costco.com/grocery-household.html,https://www.costco.com/.product.1407434.html
912796,"Scott Bath Tissue, 1-Ply, 1100 Sheets, 36 Rolls",1738,https://www.costco.com/grocery-household.html,https://www.costco.com/.product.912796.html
1089527,"Goldfish Baked Snacks, Variety Pack, 45-count",1738,https://www.costco.com/grocery-household.html,https://www.costco.com/.product.1089527.html
1897217,"Ziploc Seal Top Freezer Bag, Gallon, 136-count",1738,https://www.costco.com/grocery-household.html,https://www.costco.com/.product.1897217.html
1473917,"Kirkland Signature Trail Mix Snack Packs, 2 oz, 28-count",1738,https://www.costco.com/grocery-household.html,https://www.costco.com/.product.1473917.html
785094,"Vanity Fair Everyday Napkin, 2-Ply, 110-count, 6-pack",1738,https://www.costco.com/grocery-household.html,https://www.costco.com/.product.785094.html
425349,"Del Monte, Canned Corn-Whole Kernel, 15.25 oz, 12-Count",1738,https://www.costco.com/grocery-household.html,https://www.costco.com/.product.425349.html
2626431,"Arm & Hammer Plus OxiClean Max HE Liquid Laundry Detergent, Fresh, 200 Loads, 200 fl oz",1738,https://www.costco.com/grocery-household.html,https://www.costco.com/.product.2626431.html
1394201,"Kirkland Signature, Organic Coconut Water, 11.1 fl oz, 12-count",1738,https://www.costco.com/grocery-household.html,https://www.costco.com/.product.1394201.html
1833411,"Alani Nu Energy Drink, Variety Pack, 12 fl oz, 18-count",1738,https://www.costco.com/grocery-household.html,https://www.costco.com/.product.1833411.html
1258564,"Country Archer Grass-Fed Beef Stick Minis Original, 0.5 oz, 28-Count",1738,https://www.costco.com/grocery-household.html,https://www.costco.com/.product.1258564.html
1504495,"Crest + Scope Cavity Protection Toothpaste, 8.2 oz, 5-pack",1738,https://www.costco.com/grocery-household.html,https://www.costco.com/.product.1504495.html
17767,"Kirkland Signature Colombian Coffee, Dark Roast, 3 lbs",1738,https://www.costco.com/grocery-household.html,https://www.costco.com/.product.17767.html
986292,"Clif Kid Organic ZBar, Variety Pack, 1.27 oz, 36-count",1738,https://www.costco.com/grocery-household.html,https://www.costco.com/.product.986292.html
1779098,"BODYARMOR Lyte Sports Drink, Variety Pack, 20 fl oz, 18-count",1738,https://www.costco.com/grocery-household.html,https://www.costco.com/.product.1779098.html
1755436,"Kirkland Signature 18-Gallon Compactor & Kitchen Trash Bag, 70-count",1738,https://www.costco.com/grocery-household.html,https://www.costco.com/.product.1755436.html
1897232,"Ziploc Seal Top Bag, Sandwich, 480-count",1738,https://www.costco.com/grocery-household.html,https://www.costco.com/.product.1897232.html
1707643,"Milano Cookies, Double Dark Chocolate, 0.98 oz, 30-count",1738,https://www.costco.com/grocery-household.html,https://www.costco.com/.product.1707643.html
1585373,"Kirkland Signature Napkins, 1-Ply, 280-count, 4-pack",1738,https://www.costco.com/grocery-household.html,https://www.costco.com/.product.1585373.html
1652990,"Kirkland Signature Premoistened Flushable Wipes, Fragrance Free, 640-count",1738,https://www.costco.com/grocery-household.html,https://www.costco.com/.product.1652990.html
1680310,"Variety Snack Pack, 40-count",1738,https://www.costco.com/grocery-household.html,https://www.costco.com/.product.1680310.html
956696,"Kirkland Signature Extra-Large Absorbent Pads, 30 in L X 23 in W, 100-count",1738,https://www.costco.com/grocery-household.html,https://www.costco.com/.product.956696.html
841930,"Kirkland Signature, Thai Hom Mali Jasmine Rice, 25 lbs",1738,https://www.costco.com/grocery-household.html,https://www.costco.com/.product.841930.html
1956337,"Nescafé Blonde Gold Instant Espresso, 7 oz",1738,https://www.costco.com/grocery-household.html,https://www.costco.com/.product.1956337.html
1456660,"Swiffer Sweeper Heavy Duty Dry Sweeping Cloth Refills, 50-count",1738,https://www.costco.com/grocery-household.html,https://www.costco.com/.product.1456660.html
426292,"Arm & Hammer, Pure Baking Soda, 13.5 lbs",1738,https://www.costco.com/grocery-household.html,https://www.costco.com/.product.426292.html
1725830,"Kirkland Signature Fabric Softener Sheets, 250 Sheets, 2-count",1738,https://www.costco.com/grocery-household.html,https://www.costco.com/.product.1725830.html
1924266,"San Pellegrino Ciao! Sparkling Water, Variety Pack, 11.15 fl oz, 24-count",1738,https://www.costco.com/grocery-household.html,https://www.costco.com/.product.1924266.html
2040251,"Maison Perrier French Kiss Sparkling Juice Beverage, Variety Pack, 11.15 fl oz, 20-count",1738,https://www.costco.com/grocery-household.html,https://www.costco.com/.product.2040251.html
1491866,"Go Raw Sprouted Organic Pumpkin Seeds with Sea Salt, 22 oz",1738,https://www.costco.com/grocery-household.html,https://www.costco.com/.product.1491866.html
3123239,"Starbucks French Roast Coffee, Dark, Keurig K-Cup Pods, 72 count",1738,https://www.costco.com/grocery-household.html,https://www.costco.com/.product.3123239.html
6406,"Kirkland Signature Premium Extra Thick Steak Strips, 12 oz",1738,https://www.costco.com/grocery-household.html,https://www.costco.com/.product.6406.html
1843108,"Kirkland Signature Gallon Plus Freezer Bags, 192-count",1738,https://www.costco.com/grocery-household.html,https://www.costco.com/.product.1843108.html
1986173,"Snapdragon Foods Vietnamese Pho Bowls, Beef, 3.1 oz, 9-count",1738,https://www.costco.com/grocery-household.html,https://www.costco.com/.product.1986173.html
663439,"Cheez-It Crackers, Cheddar, 1.5 oz, 45-count",1738,https://www.costco.com/grocery-household.html,https://www.costco.com/.product.663439.html
1172471,"Kerrygold Pure Irish Butter, Salted, 8 oz, 4-count",1738,https://www.costco.com/grocery-household.html,https://www.costco.com/.product.1172471.html
12648,"Kirkland Signature Cutlery, Clear, 360-count",1738,https://www.costco.com/grocery-household.html,https://www.costco.com/.product.12648.html
1750832,"Zevo Flying Insect Trap Starter Kit, 2 Devices + 6 Refills",1738,https://www.costco.com/grocery-household.html,https://www.costco.com/.product.1750832.html
1755441,"Kirkland Signature Flex-Tech 33-Gallon Trash Bag, 90-count",1738,https://www.costco.com/grocery-household.html,https://www.costco.com/.product.1755441.html
1963239,"Airwick Scented Oils, 1 Plug-in + 9 Refills, Variety Pack, Assorted Scents",1738,https://www.costco.com/grocery-household.html,https://www.costco.com/.product.1963239.html
132666,"Royal, Basmati Rice, 20 lbs",1738,https://www.costco.com/grocery-household.html,https://www.costco.com/.product.132666.html
3818035,"The Original Donut Shop Coffee K-Cup Pod, 80-count",1738,https://www.costco.com/grocery-household.html,https://www.costco.com/.product.3818035.html
2203187,"Lysol Laundry Sanitizer, Crisp Linen, 150 fl oz",1738,https://www.costco.com/grocery-household.html,https://www.costco.com/.product.2203187.html
4873222,"All Free & Clear Plus+ Liquid Laundry Detergent, 160 Loads, 200 fl oz",1738,https://www.costco.com/grocery-household.html,https://www.costco.com/.product.4873222.html
124502,"Nature Valley Protein Bar, Peanut Butter Dark Chocolate, 1.42 oz, 30-count",1738,https://www.costco.com/grocery-household.html,https://www.costco.com/.product.124502.html
1695155,"Cetaphil Moisturizing Cream Ultimate with Prebiotic Aloe, Very Dry to Dry Sensitive Skin, 20 oz + 16 oz, 2-pack",1738,https://www.costco.com/grocery-household.html,https://www.costco.com/.product.1695155.html
1415519,"Propel Fitness Water Variety Pack, 16.9 fl oz, 24-count",1738,https://www.costco.com/grocery-household.html,https://www.costco.com/.product.1415519.html
633561,"Kirkland Signature, Organic Diced Tomatoes, 14.5 oz, 8-Count",1738,https://www.costco.com/grocery-household.html,https://www.costco.com/.product.633561.html
296917,"Dixie Ultra 20 oz Paper Bowl, 135-count",1738,https://www.costco.com/grocery-household.html,https://www.costco.com/.product.296917.html
969786,"Meiji Hello Panda Chocolate Creme Filled Cookies, 0.75 oz, 32-count",1738,https://www.costco.com/grocery-household.html,https://www.costco.com/.product.969786.html
2056753,"Bloom Sparkling Energy Drink, Flavor Obsessions, Variety Pack, 12 fl oz, 18-count",1738,https://www.costco.com/grocery-household.html,https://www.costco.com/.product.2056753.html
1281762,"Kirkland Signature Moisture Shampoo, 33.8 fl oz, 1-count",1738,https://www.costco.com/grocery-household.html,https://www.costco.com/.product.1281762.html
2029388,"LesserEvil Organic Cheddar Cheese Space Balls, 17 oz",1738,https://www.costco.com/grocery-household.html,https://www.costco.com/.product.2029388.html
2048159,"Celsius Vibe Energy Drink, Variety Pack, 12 fl oz, 18-count",1738,https://www.costco.com/grocery-household.html,https://www.costco.com/.product.2048159.html
9555,"Kirkland Signature Microwave Popcorn, 3.3 oz, 44-count",1738,https://www.costco.com/grocery-household.html,https://www.costco.com/.product.9555.html
1347776,"Kirkland Signature Wild Flower Honey, 5 lbs",1738,https://www.costco.com/grocery-household.html,https://www.costco.com/.product.1347776.html
1843112,"Kirkland Signature Freezer Quart Plus Bags, 264-count",1738,https://www.costco.com/grocery-household.html,https://www.costco.com/.product.1843112.html
1996983,"belVita Energy Snack Bites Variety Pack, 25-count",1738,https://www.costco.com/grocery-household.html,https://www.costco.com/.product.1996983.html
2533324,"Lysol Disinfectant Spray, Crisp Linen, 19 oz, 3-count",1738,https://www.costco.com/grocery-household.html,https://www.costco.com/.product.2533324.html
1937492,"Alani Nu Energy Drink, Witch's Brew, 12 fl oz, 18-count",1738,https://www.costco.com/grocery-household.html,https://www.costco.com/.product.1937492.html
1811598,"Head & Shoulders 2-in-1 Dandruff Shampoo and Conditioner Advanced Scalp Care, 40 fl oz",1738,https://www.costco.com/grocery-household.html,https://www.costco.com/.product.1811598.html
971832,"Kirkland Signature Dental Chews, 72-count",1738,https://www.costco.com/grocery-household.html,https://www.costco.com/.product.971832.html
917546,"Jif Creamy Peanut Butter 48 oz, 2-Count",1738,https://www.costco.com/grocery-household.html,https://www.costco.com/.product.917546.html
834603,"Kodiak Cakes Power Cakes Flapjack and Waffle Mix, 4.5 lbs",1738,https://www.costco.com/grocery-household.html,https://www.costco.com/.product.834603.html
1806357,"Duracell 9V Alkaline Batteries, 8-count",1738,https://www.costco.com/grocery-household.html,https://www.costco.com/.product.1806357.html
1418060,"Kirkland Signature Moisture Conditioner, 33.8 fl oz, 1-count",1738,https://www.costco.com/grocery-household.html,https://www.costco.com/.product.1418060.html
8984865,"Crafted Classics Coffee K-Cup Pod Variety Pack, 72ct K-Cup Pods",1738,https://www.costco.com/grocery-household.html,https://www.costco.com/.product.8984865.html
1199479,"M&M's Chocolate Peanut, 62 oz",1738,https://www.costco.com/grocery-household.html,https://www.costco.com/.product.1199479.html
2700048,"Tide Pods Laundry Detergent Pods, Free & Gentle, 152-count",1738,https://www.costco.com/grocery-household.html,https://www.costco.com/.product.2700048.html
1323118,"Kirkland Signature Parchment Paper, 15 in x 164 ft, 2 count",1738,https://www.costco.com/grocery-household.html,https://www.costco.com/.product.1323118.html
1988113,"Fabuloso Multi-Purpose Cleaner, Lavender, 210 fl oz",1738,https://www.costco.com/grocery-household.html,https://www.costco.com/.product.1988113.html
4160408,"Tide Plus with Ultra Downy Liquid Laundry Detergent, April Fresh, 100 Loads, 128 fl oz",1738,https://www.costco.com/grocery-household.html,https://www.costco.com/.product.4160408.html
835671,"Kirkland Signature Raisins, Milk Chocolate, 3.4 lbs",1738,https://www.costco.com/grocery-household.html,https://www.costco.com/.product.835671.html
1700118,"Skinny Dipped Cups, Dark Chocolate Peanut Butter, 30-count",1738,https://www.costco.com/grocery-household.html,https://www.costco.com/.product.1700118.html
549797,"Lotus Biscoff Cookies, 8.8 oz., 4 Count",1738,https://www.costco.com/grocery-household.html,https://www.costco.com/.product.549797.html
1392843,"Chosen Foods Avocado Oil Spray, 13.5 oz, 2-count",1738,https://www.costco.com/grocery-household.html,https://www.costco.com/.product.1392843.html
1805039,"Pine-Sol Multi-Surface Cleaner, Original, 60 fl oz, 2-count",1738,https://www.costco.com/grocery-household.html,https://www.costco.com/.product.1805039.html
1800413,"Dove Advanced Care Invisible+ Deodorant, 2.6 oz, 4-pack",1738,https://www.costco.com/grocery-household.html,https://www.costco.com/.product.1800413.html
3160440,"Tide Plus Advanced Power with Oxi Liquid Laundry Detergent, Original, 78 Loads, 138 fl oz",1738,https://www.costco.com/grocery-household.html,https://www.costco.com/.product.3160440.html
901991,"Kirkland Signature, Organic Sugar, 10 lbs",1738,https://www.costco.com/grocery-household.html,https://www.costco.com/.product.901991.html
1748763,"Kirkland Signature Breakfast Sandwich, 4.82 oz, 8-count",1738,https://www.costco.com/grocery-household.html,https://www.costco.com/.product.1748763.html
2023427,"Rao's Homemade Marinara Sauce Made with Italian Tomatoes, 31.7 oz, 2-count",1738,https://www.costco.com/grocery-household.html,https://www.costco.com/.product.2023427.html
2899021,"Peet's Coffee Major Dickason’s K-Cup Coffee Pods, 80-count",1738,https://www.costco.com/grocery-household.html,https://www.costco.com/.product.2899021.html
1731104,"Crest Pro-Health Advanced Mouthwash, 33.8 fl oz, 3-pack",1738,https://www.costco.com/grocery-household.html,https://www.costco.com/.product.1731104.html
1984999,"Kirkland Signature Rice Crackers, 32 oz",1738,https://www.costco.com/grocery-household.html,https://www.costco.com/.product.1984999.html
2043170,"Tasty Bite Organic Madras Lentils, 10 oz, 8-count",1738,https://www.costco.com/grocery-household.html,https://www.costco.com/.product.2043170.html
1695152,"Cetaphil Gentle Skin Cleanser, Dry to Normal Sensitive Skin, 20 fl oz, 2-count",1738,https://www.costco.com/grocery-household.html,https://www.costco.com/.product.1695152.html
316689,"Lotus Foods, Organic Millet & Brown Rice Ramen, 2.5 oz, 12-Count",1738,https://www.costco.com/grocery-household.html,https://www.costco.com/.product.316689.html
1717853,"Scotch-Brite Heavy Duty Sponge, 24-count",1738,https://www.costco.com/grocery-household.html,https://www.costco.com/.product.1717853.html
5354,"Hidden Valley Original Ranch Homestyle Dressing, 40 fl oz, 2-count",1738,https://www.costco.com/grocery-household.html,https://www.costco.com/.product.5354.html
1594596,"Gatorade Thirst Quencher, Turf Variety Pack, 12 fl oz, 28-count",1738,https://www.costco.com/grocery-household.html,https://www.costco.com/.product.1594596.html
1474436,"Kirkland Signature Trail Mix, 4 lbs",1738,https://www.costco.com/grocery-household.html,https://www.costco.com/.product.1474436.html
854344,"Sprite Lemon-Lime Caffeine Free Soda Soft Drink Cans, 12 fl oz, 35-count",1738,https://www.costco.com/grocery-household.html,https://www.costco.com/.product.854344.html
1732802,"Kirkland Signature Sweet Heat Snack Mix, 24 oz",1738,https://www.costco.com/grocery-household.html,https://www.costco.com/.product.1732802.html
401621,"Hershey's Nuggets Assortment, Variety Pack, 145-count",1738,https://www.costco.com/grocery-household.html,https://www.costco.com/.product.401621.html
87507,"Kirkland Signature 10-Gallon Wastebasket Liner, Clear, 500-count",1738,https://www.costco.com/grocery-household.html,https://www.costco.com/.product.87507.html
383456,"Sweet Baby Ray's, Barbecue Sauce, 40 oz, 2-Count",1738,https://www.costco.com/grocery-household.html,https://www.costco.com/.product.383456.html
1415808,"WestEnd Cuisine Grilled Chicken Skewers, Mediterranean Style, 2 oz, 14-count",1738,https://www.costco.com/grocery-household.html,https://www.costco.com/.product.1415808.html
1660437,"Folgers Classic Roast Ground Coffee, Medium, 43.5 oz",1738,https://www.costco.com/grocery-household.html,https://www.costco.com/.product.1660437.html
1205611,"Cottonelle Fresh Care Flushable Wipes, 560 Wipes",1738,https://www.costco.com/grocery-household.html,https://www.costco.com/.product.1205611.html
734786,"General Mills, Cheerios Cereal, Honey Nut, 27.5 oz, 2-count",1738,https://www.costco.com/grocery-household.html,https://www.costco.com/.product.734786.html
1911105,"Starbucks Pike Place Roast Coffee, Medum Roast, Ground, 32 oz",1738,https://www.costco.com/grocery-household.html,https://www.costco.com/.product.1911105.html
569051,"Wonderful Roasted & Salted Pistachios, 24 oz",1738,https://www.costco.com/grocery-household.html,https://www.costco.com/.product.569051.html
1907127,Swiffer Sweep + Mop Deluxe Sweeping Kit,1738,https://www.costco.com/grocery-household.html,https://www.costco.com/.product.1907127.html
45221,"Cheez-It Crackers, Cheddar, 3 lbs",1738,https://www.costco.com/grocery-household.html,https://www.costco.com/.product.45221.html
1193444,"Kirkland Signature Chinet 18 oz Plastic Cup, Red, 240-count",1738,https://www.costco.com/grocery-household.html,https://www.costco.com/.product.1193444.html
1652577,"Kirkland Signature Extra Fancy Mixed Nuts, Unsalted, 2.5 lbs",1738,https://www.costco.com/grocery-household.html,https://www.costco.com/.product.1652577.html
1699741,"Gillette Venus ComfortGlide Essential Botanicals, 1 Razor + 12 Cartridges Gel",1738,https://www.costco.com/grocery-household.html,https://www.costco.com/.product.1699741.html
118677,"Nestlé Toll House, Semi-Sweet Chocolate Chip Morsels, 72 oz",1738,https://www.costco.com/grocery-household.html,https://www.costco.com/.product.118677.html
1450796,"Just Bare Lightly Breaded Chicken Breast Chunks, Boneless Skinless, 4 lbs",1738,https://www.costco.com/grocery-household.html,https://www.costco.com/.product.1450796.html
7552,"Wild Planet, Albacore Wild Tuna, 5 oz, 6-count",1738,https://www.costco.com/grocery-household.html,https://www.costco.com/.product.7552.html
1928295,"Dove Deep Moisture Body Wash, 23 fl oz, 3-pack",1738,https://www.costco.com/grocery-household.html,https://www.costco.com/.product.1928295.html
1658550,"Kirkland Signature Snacking Nuts Variety Pack, 1.6 oz, 21-count",1738,https://www.costco.com/grocery-household.html,https://www.costco.com/.product.1658550.html
2038055,"Seeds of Change Organic Quinoa & Brown Rice with Garlic & Lentils, 6-count",1738,https://www.costco.com/grocery-household.html,https://www.costco.com/.product.2038055.html
440493,"Kirkland Signature Cashew Clusters, 2 lbs",1738,https://www.costco.com/grocery-household.html,https://www.costco.com/.product.440493.html
2010942,"Nature Valley Crispy Creamy Wafer Bars, Variety Pack, 1.3 oz, 28-count",1738,https://www.costco.com/grocery-household.html,https://www.costco.com/.product.2010942.html
1599199,"Golden Island Pork Snack Bites, Korean Barbecue, 1.5 oz, 12-count",1738,https://www.costco.com/grocery-household.html,https://www.costco.com/.product.1599199.html
1850863,"Kirkland Signature  Flavored Sparkling Water, 17 fl oz, 24-count",1738,https://www.costco.com/grocery-household.html,https://www.costco.com/.product.1850863.html
127489,"Solo Heavyweight Plastic Spoon, White, 500 count",1738,https://www.costco.com/grocery-household.html,https://www.costco.com/.product.127489.html
36285,"Kirkland Signature Walnut Halves, 3 lbs",1738,https://www.costco.com/grocery-household.html,https://www.costco.com/.product.36285.html
32911,"Kirkland Signature Pure Vanilla, 16 fl oz",1738,https://www.costco.com/grocery-household.html,https://www.costco.com/.product.32911.html
142354,"RITZ Crackers, Original, 18-count",1738,https://www.costco.com/grocery-household.html,https://www.costco.com/.product.142354.html
761486,"Garofalo, Organic Spaghetti Noodles, 17.6 oz, 8-Count",1738,https://www.costco.com/grocery-household.html,https://www.costco.com/.product.761486.html
736083,"Kirkland Signature, Organic Lemonade, 96 fl oz, 2-count",1738,https://www.costco.com/grocery-household.html,https://www.costco.com/.product.736083.html
670441,"Peet's Coffee Major Dickason's Blend Coffee, Dark Roast, Whole Bean, 2 lbs",1738,https://www.costco.com/grocery-household.html,https://www.costco.com/.product.670441.html
384732,"Kirkland Signature, Pure Sea Salt, 30 oz",1738,https://www.costco.com/grocery-household.html,https://www.costco.com/.product.384732.html
1054838,"Kirkland Signature Ultra Clean HE Laundry Detergent Pacs, 152-count",1738,https://www.costco.com/grocery-household.html,https://www.costco.com/.product.1054838.html
1390413,"Kirkland Signature Fancy Whole Cashews, 2.5lbs",1738,https://www.costco.com/grocery-household.html,https://www.costco.com/.product.1390413.html
704329,"Libby's, Vienna Sausage, 4.6 oz, 18-count",1738,https://www.costco.com/grocery-household.html,https://www.costco.com/.product.704329.html
1209607,"Kirkland Signature Praline Pecans, 2.5 lbs",1738,https://www.costco.com/grocery-household.html,https://www.costco.com/.product.1209607.html
446586,"Quaker Oats Old Fashioned Rolled Oats, 10 lbs",1738,https://www.costco.com/grocery-household.html,https://www.costco.com/.product.446586.html
1218715,"Nutella & GO! Hazelnut and Cocoa Spread With Breadsticks, 1.8 oz, 16 Pack",1738,https://www.costco.com/grocery-household.html,https://www.costco.com/.product.1218715.html
1542070,"Goldfish Baked Snack Crackers, Cheddar, 66 oz",1738,https://www.costco.com/grocery-household.html,https://www.costco.com/.product.1542070.html
981859,"Hellmann's Real Mayonnaise, Squeeze Bottle, 25 fl oz, 2-count",1738,https://www.costco.com/grocery-household.html,https://www.costco.com/.product.981859.html
1999652,"BARNUM'S Animal Crackers, 1 oz, 30-count",1738,https://www.costco.com/grocery-household.html,https://www.costco.com/.product.1999652.html
1812863,"Nutella Biscuits, 9.7 oz, 4-count",1738,https://www.costco.com/grocery-household.html,https://www.costco.com/.product.1812863.html
1792368,"Maison Perrier Sparkling Water, 16.9 fl oz, 24-count",1738,https://www.costco.com/grocery-household.html,https://www.costco.com/.product.1792368.html
581871,"Kirkland Signature, Minced California Garlic, 48 oz",1738,https://www.costco.com/grocery-household.html,https://www.costco.com/.product.581871.html
2043159,"Poppi Soda, Juicy Hits Variety Pack, 12 fl oz, 18-count",1738,https://www.costco.com/grocery-household.html,https://www.costco.com/.product.2043159.html
1913150,"Frito Lay Simply Variety Pack, 30-count",1738,https://www.costco.com/grocery-household.html,https://www.costco.com/.product.1913150.html
685586,"Listerine UltraClean Coolmint Mouthwash, 1.5 Liter, 2-count",1738,https://www.costco.com/grocery-household.html,https://www.costco.com/.product.685586.html
664635,"Swisspers Premium Hypoallergenic Cotton Rounds, 900-count",1738,https://www.costco.com/grocery-household.html,https://www.costco.com/.product.664635.html
1495250,"Kirkland Signature, Organic Coconut Water, 33.8 fl oz, 9-count",1738,https://www.costco.com/grocery-household.html,https://www.costco.com/.product.1495250.html
1115,"Dixie 12 oz Paper Bowl, 175-count",1738,https://www.costco.com/grocery-household.html,https://www.costco.com/.product.1115.html
2079404,"Bolder Foods Loaded Baked Potato Soup, 24 oz, 2-count",1738,https://www.costco.com/grocery-household.html,https://www.costco.com/.product.2079404.html
1244454,"NESCAFE Taster's Choice Instant Coffee, House Blend, Light-Medium Roast, 14 oz",1738,https://www.costco.com/grocery-household.html,https://www.costco.com/.product.1244454.html
1421932,"Dove Moisturizing Beauty Bar Soap Original, 3.75 oz, 16-count",1738,https://www.costco.com/grocery-household.html,https://www.costco.com/.product.1421932.html
1426611,"Loacker Minis Wafer Cookie Variety, 28.22 oz",1738,https://www.costco.com/grocery-household.html,https://www.costco.com/.product.1426611.html
3882772,"Starbucks K-Cup Coffee Pods 72ct, Limited Edition Holiday Blend Medium Roast Coffee, 100% Arabica",1738,https://www.costco.com/grocery-household.html,https://www.costco.com/.product.3882772.html
1758990,"Miss Vickie's Kettle Cooked Potato Chips, 1.38 oz, Variety Pack, 30-count",1738,https://www.costco.com/grocery-household.html,https://www.costco.com/.product.1758990.html
1795394,"IZZE, Sparkling Juice Beverage, Variety Pack, 8.4 fl oz, 24-Count",1738,https://www.costco.com/grocery-household.html,https://www.costco.com/.product.1795394.html
664927,"Cinnamon Toast Crunch Cereal, 49.5 oz",1738,https://www.costco.com/grocery-household.html,https://www.costco.com/.product.664927.html
438851,"Capri Sun, 100% Juice, Variety Pack, 6 fl oz, 40-count",1738,https://www.costco.com/grocery-household.html,https://www.costco.com/.product.438851.html
957330,"Kirkland Signature Snacking Nuts, Variety Pack, 1.6 oz, 30-count",1738,https://www.costco.com/grocery-household.html,https://www.costco.com/.product.957330.html
1905921,"Crunchmaster 6-Seed Multi-Grain Crackers, 28 oz",1738,https://www.costco.com/grocery-household.html,https://www.costco.com/.product.1905921.html
633563,"Kirkland Signature, Organic Tomato Sauce, 15 oz, 12-Count",1738,https://www.costco.com/grocery-household.html,https://www.costco.com/.product.633563.html
1014809,"Kirkland Signature Protein Bar, Variety Pack, 2.12 oz, 20-count",1738,https://www.costco.com/grocery-household.html,https://www.costco.com/.product.1014809.html
545345,"Kirkland Signature In-Shell Pistachios, Salted, 3 lbs",1738,https://www.costco.com/grocery-household.html,https://www.costco.com/.product.545345.html
1806373,"Duracell Power Boost C Alkaline Batteries, 14-count",1738,https://www.costco.com/grocery-household.html,https://www.costco.com/.product.1806373.html
1300509,"Kirkland Signature Nut Bars, 1.41 oz, 30 count",1738,https://www.costco.com/grocery-household.html,https://www.costco.com/.product.1300509.html
975416,"San Pellegrino Sparkling Natural Mineral Water, 16.9 fl oz, 24-count",1738,https://www.costco.com/grocery-household.html,https://www.costco.com/.product.975416.html
1999716,"Sparkling Ice Zero Sugar Sparkling Water Purple Variety Pack, 17 fl oz, 24-count",1738,https://www.costco.com/grocery-household.html,https://www.costco.com/.product.1999716.html
1462402,"Post, Honey Bunches of Oats with Almonds Cereal, 50 oz",1738,https://www.costco.com/grocery-household.html,https://www.costco.com/.product.1462402.html
1841924,"La Colombe Draft Latte Cold Brew Coffee, Variety Pack, 9 fl oz, 12-count",1738,https://www.costco.com/grocery-household.html,https://www.costco.com/.product.1841924.html
847909,"Ghirardelli, Triple Chocolate Premium Brownie Mix, 6-count",1738,https://www.costco.com/grocery-household.html,https://www.costco.com/.product.847909.html
1471986,"Peet's Organic Dark French Roast Ground Coffee, 32 oz",1738,https://www.costco.com/grocery-household.html,https://www.costco.com/.product.1471986.html
473505,"Apple & Eve, 100% Juice, Variety Pack, 6.75 fl oz, 36-count",1738,https://www.costco.com/grocery-household.html,https://www.costco.com/.product.473505.html
1694269,"Nutella B-Ready Crispy Wafers Filled with Nutella, 0.7 oz, 36-count",1738,https://www.costco.com/grocery-household.html,https://www.costco.com/.product.1694269.html
1532150,"La Croix Sparkling Water, Beach Plum, Guava Sao Paulo and Black Razz Berry Variety Pack, 12 fl oz, 24-count",1738,https://www.costco.com/grocery-household.html,https://www.costco.com/.product.1532150.html
1726382,"The SnakYard Organic Sweet Potato Sticks, 2.82 oz, 6-count",1738,https://www.costco.com/grocery-household.html,https://www.costco.com/.product.1726382.html
1840900,"Dixie Ultra Deep Dish Paper Plate, 115-count",1738,https://www.costco.com/grocery-household.html,https://www.costco.com/.product.1840900.html
203444,"Kirkland Signature Pecan Halves, 2 lbs",1738,https://www.costco.com/grocery-household.html,https://www.costco.com/.product.203444.html
1806386,"Duracell D Alkaline Batteries, 14-count",1738,https://www.costco.com/grocery-household.html,https://www.costco.com/.product.1806386.html
1391546,"Schwartz Brothers Bakery, Organic Everything Bagel Chips, 15 oz",1738,https://www.costco.com/grocery-household.html,https://www.costco.com/.product.1391546.html
1285702,"Colgate Total Active Prevention Plus Advanced Whitening Toothpaste, 6.4 oz, 5-pack",1738,https://www.costco.com/grocery-household.html,https://www.costco.com/.product.1285702.html
1564814,"Simple Mills Almond Flour Sea Salt Crackers, 10 oz, 2-count",1738,https://www.costco.com/grocery-household.html,https://www.costco.com/.product.1564814.html
169730,"Cuisine Adventures French Onion Soup, 10 oz, 6-count",1738,https://www.costco.com/grocery-household.html,https://www.costco.com/.product.169730.html
1174811,"Sunny D Citrus Punch, Tangy Original, 11.3 fl oz, 30-Count",1738,https://www.costco.com/grocery-household.html,https://www.costco.com/.product.1174811.html
9440,"Thai Kitchen Organic Coconut Milk, Unsweetened, 13.66 fl oz, 6-count",1738,https://www.costco.com/grocery-household.html,https://www.costco.com/.product.9440.html
1552446,"Fruit By The Foot, Variety, 0.75 oz, 48-count",1738,https://www.costco.com/grocery-household.html,https://www.costco.com/.product.1552446.html
879520,"Nutella Hazelnut Spread with Cocoa, 33.5 oz, 2-count",1738,https://www.costco.com/grocery-household.html,https://www.costco.com/.product.879520.html
1991335,"Mr. Clean Magic Eraser, Whole Home Extra Durable, 18-count",1738,https://www.costco.com/grocery-household.html,https://www.costco.com/.product.1991335.html
4054238,"Kirkland Signature Coffee Organic Breakfast Blend K-Cup Pod, 120-count",1738,https://www.costco.com/grocery-household.html,https://www.costco.com/.product.4054238.html
1685616,"Kirkland Signature Milk Chocolate Covered Almonds, 48 oz",1738,https://www.costco.com/grocery-household.html,https://www.costco.com/.product.1685616.html
284601,"Kirkland Signature Supreme Whole Almonds, 3 lbs",1738,https://www.costco.com/grocery-household.html,https://www.costco.com/.product.284601.html
1780981,"Joyburst Hydration Drink, Variety Pack, 16.9 fl oz, 18-count",1738,https://www.costco.com/grocery-household.html,https://www.costco.com/.product.1780981.html
756053,"Kirkland Signature Medium Roast Coffee, 40 oz",1738,https://www.costco.com/grocery-household.html,https://www.costco.com/.product.756053.html
1974794,"Kellogg's Special K Extra Red Berries Cereal, 21.5 oz, 2-count",1738,https://www.costco.com/grocery-household.html,https://www.costco.com/.product.1974794.html
975,"Reynolds Wrap Heavy Duty Aluminum Foil, 18"" x 33.33 yd, 2-count",1738,https://www.costco.com/grocery-household.html,https://www.costco.com/.product.975.html
701249,"Welch's 100% Juice Drink, Variety Pack, 10 fl oz, 24-count",1738,https://www.costco.com/grocery-household.html,https://www.costco.com/.product.701249.html
2041444,"Olipop Mini Soda, Variety Pack, 7.5 fl oz, 15-count",1738,https://www.costco.com/grocery-household.html,https://www.costco.com/.product.2041444.html
1055599,"Kirkland Signature Thin Sliced Chicken Breasts, Boneless Skinless, 10 lbs",1738,https://www.costco.com/grocery-household.html,https://www.costco.com/.product.1055599.html
1770137,"DUDE Wipes Fragrance-Free + Moisturizing XL Flushable Wipes, 480 Wipes",1738,https://www.costco.com/grocery-household.html,https://www.costco.com/.product.1770137.html
2008684,Hoody's Honey Roasted Nut Mix,1738,https://www.costco.com/grocery-household.html,https://www.costco.com/.product.2008684.html
1931211,Kirkland Signature Micellar Facial Cleansing Wipes 180-count,1738,https://www.costco.com/grocery-household.html,https://www.costco.com/.product.1931211.html
1789247,"Kirkland Signature Olive Oil, 3 L",1738,https://www.costco.com/grocery-household.html,https://www.costco.com/.product.1789247.html
4054210,"Kirkland Signature Coffee Organic Summit Roast K-Cup Pod, 120 count",1738,https://www.costco.com/grocery-household.html,https://www.costco.com/.product.4054210.html
596444,"Kirkland Signature, Ocean Spray Cranberry Premium 100% Juice, 96 fl oz, 2-Count",1738,https://www.costco.com/grocery-household.html,https://www.costco.com/.product.596444.html
111894,"Lawry's Coarse Ground Garlic Salt with Parsley, 33 oz",1738,https://www.costco.com/grocery-household.html,https://www.costco.com/.product.111894.html
1802191,"Siete Grain Free Sea Salt Tortilla Chips, 15 oz",1738,https://www.costco.com/grocery-household.html,https://www.costco.com/.product.1802191.html
57554,"Blueberries, 18 oz",1738,https://www.costco.com/grocery-household.html,https://www.costco.com/.product.57554.html
1886106,"Oral-B Glide Advanced Deep Clean Floss, 6-pack",1738,https://www.costco.com/grocery-household.html,https://www.costco.com/.product.1886106.html
1193197,"Kirkland Signature Organic Roasted Seaweed, 0.6 oz, 10-count",1738,https://www.costco.com/grocery-household.html,https://www.costco.com/.product.1193197.html
720,"Reynolds Wrap Aluminum Foil, 12"" x 83.33 yd, 2-count",1738,https://www.costco.com/grocery-household.html,https://www.costco.com/.product.720.html
890181,"Kirkland Signature, Wild Alaskan Pink Salmon, 6 oz, 6-Count",1738,https://www.costco.com/grocery-household.html,https://www.costco.com/.product.890181.html
1940909,"Kirkland Signature Daily Dry Facial Towels, 200-count",1738,https://www.costco.com/grocery-household.html,https://www.costco.com/.product.1940909.html
2040272,"Kinder's Organic Signature Grill Variety Pack, 54.4 oz",1738,https://www.costco.com/grocery-household.html,https://www.costco.com/.product.2040272.html
127509,"Solo Heavyweight Plastic Fork, White, 500-count",1738,https://www.costco.com/grocery-household.html,https://www.costco.com/.product.127509.html
947880,"Hillshire Farm Slow Roasted Turkey Breast, 16.5 oz, 2-count",1738,https://www.costco.com/grocery-household.html,https://www.costco.com/.product.947880.html
1925186,"Jojo's Dark Chocolate Pistachio Almond Cranberry Bites, 14.4 oz",1738,https://www.costco.com/grocery-household.html,https://www.costco.com/.product.1925186.html
1001368,"Kirkland Signature, Organic Quinoa, 4.5 lbs",1738,https://www.costco.com/grocery-household.html,https://www.costco.com/.product.1001368.html
1669857,"Jackson's Kettle Cooked Sweet Potato Chips, Sea Salt, 16 oz",1738,https://www.costco.com/grocery-household.html,https://www.costco.com/.product.1669857.html
207,"Homai California Calrose Rice, 25 lbs",1738,https://www.costco.com/grocery-household.html,https://www.costco.com/.product.207.html
1229285,"BelVita Breakfast Biscuit, Cinnamon Brown Sugar, 1.76 oz, 30-count",1738,https://www.costco.com/grocery-household.html,https://www.costco.com/.product.1229285.html
1395061,"Advantage Premium Bright Ink Jet and Laser Paper, 8.5""x11"" Letter, White, 24lb, 97 Bright, 1 Ream of 800 Sheets",1738,https://www.costco.com/grocery-household.html,https://www.costco.com/.product.1395061.html
3365592,"Caribou Coffee Caribou Blend K-Cup Pod, 80-count",1738,https://www.costco.com/grocery-household.html,https://www.costco.com/.product.3365592.html
279783,"Kirkland Signature, Bacon Crumbles, 20 oz",1738,https://www.costco.com/grocery-household.html,https://www.costco.com/.product.279783.html
202195,"SPAM Canned Meat, 25% Less Sodium, 12 oz, 8-Count",1738,https://www.costco.com/grocery-household.html,https://www.costco.com/.product.202195.html
461,"Toblerone Swiss Milk Chocolate Bar, 3.52 oz, 6-Count",1738,https://www.costco.com/grocery-household.html,https://www.costco.com/.product.461.html
1984296,"Mezcla Puff-Crispy Bar, Pistachio Chocolate, 1.4 oz, 14-count",1738,https://www.costco.com/grocery-household.html,https://www.costco.com/.product.1984296.html
1421933,"Dove Moisturizing Beauty Bar Soap Sensitive Skin, 3.75 oz, 16 Bars",1738,https://www.costco.com/grocery-household.html,https://www.costco.com/.product.1421933.html
1672091,"Simply Fuel Protein Balls, 14.4 oz",1738,https://www.costco.com/grocery-household.html,https://www.costco.com/.product.1672091.html
560519,"WildRoot's Coastal Berry Trail Mix, 26 oz",1738,https://www.costco.com/grocery-household.html,https://www.costco.com/.product.560519.html
1036671,"Nature Valley Biscuits with Almond Butter, 1.35 oz, 30-count",1738,https://www.costco.com/grocery-household.html,https://www.costco.com/.product.1036671.html
1229303,"BelVita Breakfast Biscuits, Blueberry, 1.76 oz, 30 count",1738,https://www.costco.com/grocery-household.html,https://www.costco.com/.product.1229303.html
164981,"Kirkland Signature Fine Ground Black Pepper, 12.3 oz",1738,https://www.costco.com/grocery-household.html,https://www.costco.com/.product.164981.html
1806649,"Neutrogena Makeup Remover Wipes, 125-count",1738,https://www.costco.com/grocery-household.html,https://www.costco.com/.product.1806649.html
222490,"Kirkland Signature Super Extra-Large Peanuts, 2.5 lbs",1738,https://www.costco.com/grocery-household.html,https://www.costco.com/.product.222490.html
846156,"Nature Valley Crunchy Granola Bar, Oats 'n Honey, 1.49 oz, 49-count",1738,https://www.costco.com/grocery-household.html,https://www.costco.com/.product.846156.html
1492769,"Gillette Venus Sensitive Plus Disposable Razor, 15-count",1738,https://www.costco.com/grocery-household.html,https://www.costco.com/.product.1492769.html
120296,"Kirkland Signature Colombian Supremo Coffee, Whole Bean, 3 lbs",1738,https://www.costco.com/grocery-household.html,https://www.costco.com/.product.120296.html
1498286,"Gatorade Thirst Quencher, Core Variety Pack, 12 fl oz, 28-count",1738,https://www.costco.com/grocery-household.html,https://www.costco.com/.product.1498286.html
906420,"Kirkland Signature, Vegetable Oil, 3 qt, 2-count",1738,https://www.costco.com/grocery-household.html,https://www.costco.com/.product.906420.html
906410,"Kirkland Signature, Canola Oil, 3 qt, 2-count",1738,https://www.costco.com/grocery-household.html,https://www.costco.com/.product.906410.html
2051862,"LMNT Sparkling Electrolyte Drink, Variety Pack, 12 fl oz, 15-count",1738,https://www.costco.com/grocery-household.html,https://www.costco.com/.product.2051862.html
2051490,"Saint James Organic Brewed Tea, Variety Pack, 16 fl oz, 15-count",1738,https://www.costco.com/grocery-household.html,https://www.costco.com/.product.2051490.html
1966529,"Celsius Sparkling Energy Drink, Core Variety Pack, 12 fl oz, 18-count",1738,https://www.costco.com/grocery-household.html,https://www.costco.com/.product.1966529.html
3330816,"Kirkland Signature Popcorn, Sea Salt, 0.65 oz, 36-count",1738,https://www.costco.com/grocery-household.html,https://www.costco.com/.product.3330816.html
1587186,"Gillette Proglide Plus Razor Cartridge Refills, 16-count",1738,https://www.costco.com/grocery-household.html,https://www.costco.com/.product.1587186.html
1566350,"Bachan's Japanese Barbecue Sauce, 34 oz",1738,https://www.costco.com/grocery-household.html,https://www.costco.com/.product.1566350.html
2009145,"Solely Organic Fruit Jerky Variety Pack, 0.8 oz, 16-count",1738,https://www.costco.com/grocery-household.html,https://www.costco.com/.product.2009145.html
1742162,"Siete Grain Free Tortilla Chips, Variety Pack, 1 oz, 14-count",1738,https://www.costco.com/grocery-household.html,https://www.costco.com/.product.1742162.html
1529345,"Siete Almond Flour Tortilla, 20-count",1738,https://www.costco.com/grocery-household.html,https://www.costco.com/.product.1529345.html
1516973,"Gillette Ultimate Protection 6-in-1 Antiperspirant, 3.8 oz, 5-pack",1738,https://www.costco.com/grocery-household.html,https://www.costco.com/.product.1516973.html
1397147,"Kirkland Signature Bar Soap with Shea Butter, 15 Bars",1738,https://www.costco.com/grocery-household.html,https://www.costco.com/.product.1397147.html
633564,"Kirkland Signature, Organic Tomato Paste, 6 oz, 12-Count",1738,https://www.costco.com/grocery-household.html,https://www.costco.com/.product.633564.html
188140,"Frito Lay Classic Mix, Variety Pack, 30-count",1738,https://www.costco.com/grocery-household.html,https://www.costco.com/.product.188140.html
2308572,"Mrs Meyers Multi-Surface Variety, 24 fl oz, 3-count",1738,https://www.costco.com/grocery-household.html,https://www.costco.com/.product.2308572.html
179571,"Coca-Cola de Mexico Soda Soft Drink Glass Bottles, 335 mL, 24-count",1738,https://www.costco.com/grocery-household.html,https://www.costco.com/.product.179571.html
1143330,"Ocean Spray, Craisins Whole Dried Cranberries, 64 oz",1738,https://www.costco.com/grocery-household.html,https://www.costco.com/.product.1143330.html
1263833,"Dietz & Watson Organic Roasted Turkey Breast, 9 oz, 3-count",1738,https://www.costco.com/grocery-household.html,https://www.costco.com/.product.1263833.html
1851141,"BUILT Puff Protein Bar, Variety Pack, 1.41 oz, 14-count",1738,https://www.costco.com/grocery-household.html,https://www.costco.com/.product.1851141.html
1116038,"Kirkland Signature Shredded Mozzarella Cheese, 2.5 lbs, 2-count",1738,https://www.costco.com/grocery-household.html,https://www.costco.com/.product.1116038.html
31801,"Morey's Seasoned Wild Alaskan Salmon, 6-Count",1738,https://www.costco.com/grocery-household.html,https://www.costco.com/.product.31801.html
1032422,"Palmolive Ultra Strength Liquid Dish Soap, 102 fl oz",1738,https://www.costco.com/grocery-household.html,https://www.costco.com/.product.1032422.html
1913302,"Olipop Soda, Variety Pack, 12 fl oz, 15-count",1738,https://www.costco.com/grocery-household.html,https://www.costco.com/.product.1913302.html
52296,"Kirkland Signature Chicken and Rice Cat Food, 25 lbs",1738,https://www.costco.com/grocery-household.html,https://www.costco.com/.product.52296.html
464292,"Ajinomoto Yakisoba with Vegetables, 9 oz, 6-count",1738,https://www.costco.com/grocery-household.html,https://www.costco.com/.product.464292.html
118652,"Carnation, Evaporated Milk, 12 fl oz, 12-Count",1738,https://www.costco.com/grocery-household.html,https://www.costco.com/.product.118652.html
4860002,"Kirkland Signature Uncured Black Forest Ham, 28 oz",1738,https://www.costco.com/grocery-household.html,https://www.costco.com/.product.4860002.html
1147377,"Kirkland Signature Organic Blue Agave, 36 oz, 2-count",1738,https://www.costco.com/grocery-household.html,https://www.costco.com/.product.1147377.html
2009964,"Gatorade Lower Sugar Variety Pack, 12 fl oz, 24-count",1738,https://www.costco.com/grocery-household.html,https://www.costco.com/.product.2009964.html
404609,"Eco-Foil Half Size Deep Steam Table Pan, 30-count",1738,https://www.costco.com/grocery-household.html,https://www.costco.com/.product.404609.html
2045021,"Kirkland Signature Ultra Soft Fabric Softener, 257 Loads, 150 fl oz",1738,https://www.costco.com/grocery-household.html,https://www.costco.com/.product.2045021.html
1006856,"Mama Mancini's Jumbo Beef Meatballs, 48 oz",1738,https://www.costco.com/grocery-household.html,https://www.costco.com/.product.1006856.html
864917,"Wonderful In-Shell Pistachios, Salt & Pepper, 3 lbs",1738,https://www.costco.com/grocery-household.html,https://www.costco.com/.product.864917.html
859695,"Kirkland Signature Creamy Almond Butter, 27 oz",1738,https://www.costco.com/grocery-household.html,https://www.costco.com/.product.859695.html
4165671,"Kleenex Soothing Lotion Facial Tissue, 3-Ply, 85-count, 12-pack",1738,https://www.costco.com/grocery-household.html,https://www.costco.com/.product.4165671.html
47825,"Green Seedless Grapes, 3 lbs",1738,https://www.costco.com/grocery-household.html,https://www.costco.com/.product.47825.html
541334,"Nestlé Coffee-mate Powdered Creamer, Original, 56 oz",1738,https://www.costco.com/grocery-household.html,https://www.costco.com/.product.541334.html
1743030,"Kirkland Signature Organic Whole Milk, 8 fl oz, 18-count",1738,https://www.costco.com/grocery-household.html,https://www.costco.com/.product.1743030.html
2044023,"Ghost Energy Drink, Variety Pack, 16 fl oz, 18-count",1738,https://www.costco.com/grocery-household.html,https://www.costco.com/.product.2044023.html
1624490,"Giovanni Rana Beef and Short Rib Lasagna, 42 oz",1738,https://www.costco.com/grocery-household.html,https://www.costco.com/.product.1624490.html
2222019,"Kirkland Signature Organic Ancient Grain Granola, 35.3 oz",1738,https://www.costco.com/grocery-household.html,https://www.costco.com/.product.2222019.html
1032932,"Kirkland Signature Organic Raw Honey, 24 oz, 3-count",1738,https://www.costco.com/grocery-household.html,https://www.costco.com/.product.1032932.html
1793017,"Jongga Sliced Napa Cabbage Kimchi, 52.9 oz",1738,https://www.costco.com/grocery-household.html,https://www.costco.com/.product.1793017.html
1394792,"Kinder Bueno Bars, 1.5 oz, 20-count",1738,https://www.costco.com/grocery-household.html,https://www.costco.com/.product.1394792.html
2041830,"Chomps Chomplings Original Turkey Mini Sticks, 0.5 oz, 24-count",1738,https://www.costco.com/grocery-household.html,https://www.costco.com/.product.2041830.html
1006641,"Sandwich Bros Chicken Melts Pita Snack Sandwiches, 2.5 oz, 15-count",1738,https://www.costco.com/grocery-household.html,https://www.costco.com/.product.1006641.html
2052182,"Liquid Death Soda-Flavored Sparkling Water, Variety Pack, 24-count",1738,https://www.costco.com/grocery-household.html,https://www.costco.com/.product.2052182.html
262838,"Cholula, Hot Sauce Original, 12 fl oz, 2-Count",1738,https://www.costco.com/grocery-household.html,https://www.costco.com/.product.262838.html
521658,"Ferrero Rocher, Milk Chocolate Hazelnut Candy, 21.2 oz, 48 Count",1738,https://www.costco.com/grocery-household.html,https://www.costco.com/.product.521658.html
519964,"Chinet Crystal 10 oz Plastic Cup, Clear, 150-count",1738,https://www.costco.com/grocery-household.html,https://www.costco.com/.product.519964.html
1615853,"Boulder Organic Chicken Wild Rice Soup, 24 oz, 2-count",1738,https://www.costco.com/grocery-household.html,https://www.costco.com/.product.1615853.html
854330,"Coca-Cola Classic, 12 fl oz, 35-count",1738,https://www.costco.com/grocery-household.html,https://www.costco.com/.product.854330.html
32711,"Chinet Classic Dinner 10-3/8"" Paper Plate, 165-count",1738,https://www.costco.com/grocery-household.html,https://www.costco.com/.product.32711.html
2049779,"Nature's Path Organic Pumpkin Seed Flax Granola, 35.3 oz",1738,https://www.costco.com/grocery-household.html,https://www.costco.com/.product.2049779.html
1975676,"Dove Sensitive Body Wash, 23 fl oz, 3-pack",1738,https://www.costco.com/grocery-household.html,https://www.costco.com/.product.1975676.html
1365562,"Fresh Additions Fully Cooked Chicken Breast Bites, 3.2 oz, 10-count",1738,https://www.costco.com/grocery-household.html,https://www.costco.com/.product.1365562.html
1845080,"Kirkland Signature Sport Drink, Variety Pack, 12 fl oz, 24-count",1738,https://www.costco.com/grocery-household.html,https://www.costco.com/.product.1845080.html
624842,"Sabatasso's Pizza Singles, Variety Pack, 12-count",1738,https://www.costco.com/grocery-household.html,https://www.costco.com/.product.624842.html
1761722,"RXBAR Protein Bars, Variety Pack, 14-count",1738,https://www.costco.com/grocery-household.html,https://www.costco.com/.product.1761722.html
1186080,"Dixie To Go 12 oz Insulated Cup & Lid, 100-count",1738,https://www.costco.com/grocery-household.html,https://www.costco.com/.product.1186080.html
1910048,"SnakYard Organic Shitake Mushrooms, 14.11 oz",1738,https://www.costco.com/grocery-household.html,https://www.costco.com/.product.1910048.html
6992988,"Starbucks Coffee and Espresso Capsules for Nespresso Vertuo Machines 60-count Variety Pack, 100% Arabica Coffee",1738,https://www.costco.com/grocery-household.html,https://www.costco.com/.product.6992988.html
2021527,"Skinny Dipped Dark Chocolate Coconut Almond Bites, 30-count",1738,https://www.costco.com/grocery-household.html,https://www.costco.com/.product.2021527.html
437484,"Lavazza Caffé Espresso 100% Premium Arabica Coffee, Whole Bean, 2.2 lbs",1738,https://www.costco.com/grocery-household.html,https://www.costco.com/.product.437484.html
1938239,"Kevin's Natural Foods Hawaiian Style Chicken, 32 oz",1738,https://www.costco.com/grocery-household.html,https://www.costco.com/.product.1938239.html
1424057,"Hidden Valley Ranch Homestyle Seasoning, Dip and Salad Dressing Mix, 20 oz",1738,https://www.costco.com/grocery-household.html,https://www.costco.com/.product.1424057.html
951243,"Mott's, Organic Apple Sauce, 3.9 oz, 36-Count",1738,https://www.costco.com/grocery-household.html,https://www.costco.com/.product.951243.html
1952509,"Kirkland Signature Straight Bourbon Whiskey, Kentucky, 1.75 L",1738,https://www.costco.com/grocery-household.html,https://www.costco.com/.product.1952509.html
1755444,"Kirkland Signature 50-Gallon Outdoor Trash Bag, 70-count",1738,https://www.costco.com/grocery-household.html,https://www.costco.com/.product.1755444.html
164950,"Kirkland Signature, Whole Black Peppercorn, 14.1 oz",1738,https://www.costco.com/grocery-household.html,https://www.costco.com/.product.164950.html
30669,"Bananas, 3 lbs",1738,https://www.costco.com/grocery-household.html,https://www.costco.com/.product.30669.html
9675389,"Tide Plus Ultra Oxi Powder Laundry Detergent, Original, 143 Loads, 225 oz",1738,https://www.costco.com/grocery-household.html,https://www.costco.com/.product.9675389.html
1830083,"Kirkland Signature Egg White with Cheese Trio and Peppers Egg Bites, 10-count",1738,https://www.costco.com/grocery-household.html,https://www.costco.com/.product.1830083.html
1509965,"Scott Shop Towels, Original Multi-Purpose, Blue, 10-count",1738,https://www.costco.com/grocery-household.html,https://www.costco.com/.product.1509965.html
1746847,"Extra Sugar Free Chewing Gum, Mint Variety Pack, 15 Sticks, 18-Count",1738,https://www.costco.com/grocery-household.html,https://www.costco.com/.product.1746847.html
1904630,"Pure Protein Bars, Variety Pack, 1.76 oz, 25-count",1738,https://www.costco.com/grocery-household.html,https://www.costco.com/.product.1904630.html
1082839,"FITCRUNCH Protein Bars, 16g Protein, Chocolate Peanut Butter, 1.62 oz, 18-count",1738,https://www.costco.com/grocery-household.html,https://www.costco.com/.product.1082839.html
1002373,"Kirkland Signature, Organic Almond Beverage, Vanilla, 32 fl oz, 6-Count",1738,https://www.costco.com/grocery-household.html,https://www.costco.com/.product.1002373.html
1343253,"Kirkland Signature Elegant Plastic Plates, Variety Pack, White, 50-count",1738,https://www.costco.com/grocery-household.html,https://www.costco.com/.product.1343253.html
1695130,"Cetaphil Moisturizing Lotion, Dry to Normal Sensitive Skin, 20 fl oz, 2-count",1738,https://www.costco.com/grocery-household.html,https://www.costco.com/.product.1695130.html
414,"Hellmann's, Real Mayonnaise, 64 oz",1738,https://www.costco.com/grocery-household.html,https://www.costco.com/.product.414.html
18695,"Chinet Classic Lunch 8-3/4"" Paper Plate, 225-count",1738,https://www.costco.com/grocery-household.html,https://www.costco.com/.product.18695.html
1736931,"Kirkland Signature Lightly Breaded Chicken Breast Chunks, 4 lbs",1738,https://www.costco.com/grocery-household.html,https://www.costco.com/.product.1736931.html
1788968,"IQBAR Clean Protein Bars, Variety Pack, 1.6 oz, 18-count",1738,https://www.costco.com/grocery-household.html,https://www.costco.com/.product.1788968.html
219854,"La Dolce Vita Classic Italian Biscotti, 40 oz",1738,https://www.costco.com/grocery-household.html,https://www.costco.com/.product.219854.html
1338984,"Foster Farms Take Out Crispy Chicken Wings, Classic Buffalo, 4 lbs",1738,https://www.costco.com/grocery-household.html,https://www.costco.com/.product.1338984.html
327081,"Don Miguel Chipotle Chicken Mini Tacos, 35 oz",1738,https://www.costco.com/grocery-household.html,https://www.costco.com/.product.327081.html
4165758,"Kirkland Signature Colombian Cold Brew Coffee, 11 fl oz, 12-count",1738,https://www.costco.com/grocery-household.html,https://www.costco.com/.product.4165758.html
1692255,"RICO Baby Wipes, 720-count",1738,https://www.costco.com/grocery-household.html,https://www.costco.com/.product.1692255.html
447180,"Kirkland Signature Beef Hot Dogs, 12 Links, 1.5 lbs, 3-count",1738,https://www.costco.com/grocery-household.html,https://www.costco.com/.product.447180.html
4054220,"Kirkland Signature Coffee Organic French Roast K-Cup Pod, 120-count",1738,https://www.costco.com/grocery-household.html,https://www.costco.com/.product.4054220.html
744361,"Genova, Yellowfin Tuna, 7 oz, 6-Count",1738,https://www.costco.com/grocery-household.html,https://www.costco.com/.product.744361.html
165041,"Kirkland Signature Organic No-Salt Seasoning, 14.5 oz",1738,https://www.costco.com/grocery-household.html,https://www.costco.com/.product.165041.html
2049492,"All Free & Clear Plus+ Laundry Detergent Mighty Pacs, 118-count",1738,https://www.costco.com/grocery-household.html,https://www.costco.com/.product.2049492.html
9999699,"Kirkland Signature Extra Crispy French Fries, 5 lbs",1738,https://www.costco.com/grocery-household.html,https://www.costco.com/.product.9999699.html
553499,"Kirkland Signature, Sunsweet Whole Dried Plums, 3.5 lbs",1738,https://www.costco.com/grocery-household.html,https://www.costco.com/.product.553499.html
2062082,"Pulmuone Teriyaki Stir-fry Udon, 30.9 oz",1738,https://www.costco.com/grocery-household.html,https://www.costco.com/.product.2062082.html
71003,"Kirkland Signature, Extra Virgin Italian Olive Oil, 2 L",1738,https://www.costco.com/grocery-household.html,https://www.costco.com/.product.71003.html
2081894,"Crown Bakeries Mini Muffin Bites, Birthday Cake, 1.65 oz, 20-count",1738,https://www.costco.com/grocery-household.html,https://www.costco.com/.product.2081894.html
1424237,"Kirkland Signature Grass-Fed Butter, 8 oz, 4-count",1738,https://www.costco.com/grocery-household.html,https://www.costco.com/.product.1424237.html
1242231,"Swiss Miss, Hot Cocoa Mix, 1.38 oz, 50-Count",1738,https://www.costco.com/grocery-household.html,https://www.costco.com/.product.1242231.html
522107,"General Mills, Cheerios Cereal, 20.35 oz, 2-count",1738,https://www.costco.com/grocery-household.html,https://www.costco.com/.product.522107.html
522779,"Kirkland Signature, Crushed Red Pepper, 10 oz",1738,https://www.costco.com/grocery-household.html,https://www.costco.com/.product.522779.html
1820893,"Kirkland Signature A2 Chocolate Milk, 8 fl oz, 24-count",1738,https://www.costco.com/grocery-household.html,https://www.costco.com/.product.1820893.html
1005641,"Chobani Greek Yogurt Variety Pack, 5.3 oz, 20-count",1738,https://www.costco.com/grocery-household.html,https://www.costco.com/.product.1005641.html
1484855,"Cello Variety Pack, Cracker Cut, Premium Sliced Cheeses, 2 lbs",1738,https://www.costco.com/grocery-household.html,https://www.costco.com/.product.1484855.html
1977124,"Bai Antioxidant Beverage, Fruit Variety Pack, 18 fl oz, 15-count",1738,https://www.costco.com/grocery-household.html,https://www.costco.com/.product.1977124.html
6101960,"Kirkland Signature Organic Spinach & Cheese Ravioli, 22 oz, 2-count",1738,https://www.costco.com/grocery-household.html,https://www.costco.com/.product.6101960.html
1304236,"Kirkland Signature Grass-Fed Beef Patties, 1/3 lb Patty, 15-count",1738,https://www.costco.com/grocery-household.html,https://www.costco.com/.product.1304236.html
1981743,"Kirkland Signature Five Cheese Tortelloni, 24 oz, 2-count",1738,https://www.costco.com/grocery-household.html,https://www.costco.com/.product.1981743.html
951691,"Sukhi's Indian Chicken Tikka Masala Prepared Meal, 18 oz, 2-count",1738,https://www.costco.com/grocery-household.html,https://www.costco.com/.product.951691.html
18668,"El Monterey Mexican Grill Taquitos, Chicken & Cheese, 30-count",1738,https://www.costco.com/grocery-household.html,https://www.costco.com/.product.18668.html
1645630,"PuraVida Fire Roasted Primavera Mistura, 64 oz",1738,https://www.costco.com/grocery-household.html,https://www.costco.com/.product.1645630.html
1239452,"Busseto California Snackin' Bite Size Salami & Provolone Cheese, 8-count",1738,https://www.costco.com/grocery-household.html,https://www.costco.com/.product.1239452.html
937348,"Sugar Bowl Bakery, Petite Palmiers, 32 oz",1738,https://www.costco.com/grocery-household.html,https://www.costco.com/.product.937348.html
8370,"Taylor Farms Organic Mediterranean Bagged Chopped Salad Kit, 12 oz, 2-count",1738,https://www.costco.com/grocery-household.html,https://www.costco.com/.product.8370.html
1956465,"Kize Life Changing Bars, Variety Pack, 12-count",1738,https://www.costco.com/grocery-household.html,https://www.costco.com/.product.1956465.html
749182,"Ajinomoto Yakitori Chicken Fried Rice, 9 oz, 6-count",1738,https://www.costco.com/grocery-household.html,https://www.costco.com/.product.749182.html
1726089,"Kirkland Signature House Blend Whole Bean Coffee, Medium Roast, 2.5 lbs",1738,https://www.costco.com/grocery-household.html,https://www.costco.com/.product.1726089.html
1195303,"Kirkland Signature Dry Roasted Macadamia Nuts, 1.5 lbs",1738,https://www.costco.com/grocery-household.html,https://www.costco.com/.product.1195303.html
1217608,"Kirkland Signature Organic Broccoli Florets, 1 lb, 4-count",1738,https://www.costco.com/grocery-household.html,https://www.costco.com/.product.1217608.html
26757,"Kirkland Signature 12"" Plastic Food Wrap, 750 ft, 2 count",1738,https://www.costco.com/grocery-household.html,https://www.costco.com/.product.26757.html
1777022,"Pulmuone Teriyaki Stir-Fry Udon, 29.4 oz",1738,https://www.costco.com/grocery-household.html,https://www.costco.com/.product.1777022.html
2068507,"ONE Protein Bar, Variety Pack, 2.12 oz, 16-count",1738,https://www.costco.com/grocery-household.html,https://www.costco.com/.product.2068507.html
415022,"Scotch Heavy Duty Shipping Tape, 8-pack",1738,https://www.costco.com/grocery-household.html,https://www.costco.com/.product.415022.html
1925804,"Kirkland Signature Artisan Crust Pepperoni Pizza, 21.52 oz, 4-count",1738,https://www.costco.com/grocery-household.html,https://www.costco.com/.product.1925804.html
1272413,"Kirkland Signature, Organic Non-Dairy Oat Beverage, 32 oz, 6-count",1738,https://www.costco.com/grocery-household.html,https://www.costco.com/.product.1272413.html
1746909,"Samyang Buldak Ramen Carbonara, Spicy Chicken, 3.7 oz, 6-count",1738,https://www.costco.com/grocery-household.html,https://www.costco.com/.product.1746909.html
1045706,"Kirkland Signature, Organic Virgin Coconut Oil, 84 fl oz",1738,https://www.costco.com/grocery-household.html,https://www.costco.com/.product.1045706.html
1327763,"Amylu Organic Chicken Burger with Caramelized Onion and Aged White Cheddar, 8-count",1738,https://www.costco.com/grocery-household.html,https://www.costco.com/.product.1327763.html
1939979,"Celsius Sparkling Energy Drink, Vibe Variety Pack, 12 fl oz, 18-count",1738,https://www.costco.com/grocery-household.html,https://www.costco.com/.product.1939979.html
9820887,"Kirkland Signature Cheese Pizza, 18.25 oz, 4-count",1738,https://www.costco.com/grocery-household.html,https://www.costco.com/.product.9820887.html
1145682,"Scotch-Brite Lint Roller, 95-count, 5-pack",1738,https://www.costco.com/grocery-household.html,https://www.costco.com/.product.1145682.html
1895187,"Glad Take-Aways Food Storage Containers with Lids, 38 oz Rectangle, 35-sets",1738,https://www.costco.com/grocery-household.html,https://www.costco.com/.product.1895187.html
1611040,"Kirkland Signature Smoked Pulled Pork, Rubbed with Seasonings, 2 lbs",1738,https://www.costco.com/grocery-household.html,https://www.costco.com/.product.1611040.html
1782177,"Kirkland Signature Lightly Breaded Chicken Breast Fillet, 3 lbs",1738,https://www.costco.com/grocery-household.html,https://www.costco.com/.product.1782177.html
2751,"Red Star, Active Dry Yeast, 32 oz",1738,https://www.costco.com/grocery-household.html,https://www.costco.com/.product.2751.html
21272,"Smucker's Uncrustables, Peanut Butter & Grape Jelly Sandwich, 18-count",1738,https://www.costco.com/grocery-household.html,https://www.costco.com/.product.21272.html
1368591,"Always Ultra Thin Advanced Overnight Pads, 76-count",1738,https://www.costco.com/grocery-household.html,https://www.costco.com/.product.1368591.html
221177,"Kirkland Signature Wild Alaskan Sockeye Salmon, 5 oz - 7 oz Portion, 3 lbs",1738,https://www.costco.com/grocery-household.html,https://www.costco.com/.product.221177.html
38175,"Cara Cara Oranges, 5 lbs",1738,https://www.costco.com/grocery-household.html,https://www.costco.com/.product.38175.html
1048072,"Kirkland Signature Organic Greek Yogurt, 48 oz",1738,https://www.costco.com/grocery-household.html,https://www.costco.com/.product.1048072.html
1189000,"Kirkland Signature Fresh Mozzarella, 18 oz, 2-count",1738,https://www.costco.com/grocery-household.html,https://www.costco.com/.product.1189000.html
88744,"Kirkland Signature Meatballs, 6 lbs",1738,https://www.costco.com/grocery-household.html,https://www.costco.com/.product.88744.html
1644605,"Lindt Lindor Chocolate Truffles, Assorted Flavors, 21.2 oz",1738,https://www.costco.com/grocery-household.html,https://www.costco.com/.product.1644605.html
1271446,"Oikos Triple Zero Greek Nonfat Yogurt, Variety Pack, 5.3 oz, 18-count",1738,https://www.costco.com/grocery-household.html,https://www.costco.com/.product.1271446.html
1920008,"Chobani Protein Lowfat Greek Yogurt, 6.7 oz, 16-count",1738,https://www.costco.com/grocery-household.html,https://www.costco.com/.product.1920008.html
264266,"Starbucks Mocha Frappuccino Chilled Coffee, 9.5 fl oz, 15-count",1738,https://www.costco.com/grocery-household.html,https://www.costco.com/.product.264266.html
1824668,"Simply Protein Crispy Bar Variety Pack, 15-count",1738,https://www.costco.com/grocery-household.html,https://www.costco.com/.product.1824668.html
1719185,"Babybel Mini Snack Cheese, Original, 0.71 oz, 36-count",1738,https://www.costco.com/grocery-household.html,https://www.costco.com/.product.1719185.html
