store_name,city_name,state_id,lat,lng,location_descriptor
Costco Wholesale,Madison,AL,34.752,-86.753,Madison
Costco Wholesale,Hoover,AL,33.379,-86.813,Hoover
Costco Wholesale,Mobile,AL,30.648,-88.119,Mobile
Costco Wholesale,Huntsville,AL,34.744,-86.603,Huntsville
Costco Wholesale,Montgomery,AL,32.364,-86.15,Montgomery
Costco Wholesale,Anchorage,AK,61.145,-149.886,Anchorage (South / Dimond)
Costco Wholesale,Anchorage,AK,61.143,-149.88,Anchorage (Spenard / DeBarr)
Costco Wholesale,Fairbanks,AK,64.853,-147.708,Fairbanks
Costco Wholesale,Juneau,AK,58.359,-134.483,Juneau
Costco Wholesale,Anchorage,AK,61.21,-149.806,Anchorage (Northeast / Business Center)
Costco Wholesale,Buckeye,AZ,33.46,-112.502,Buckeye
Costco Wholesale,Phoenix,AZ,33.671,-112.028,Phoenix (North / Beardsley Rd)
Costco Wholesale,Avondale,AZ,33.468,-112.275,Avondale
Costco Wholesale,Chandler,AZ,33.294,-111.899,Chandler
Costco Wholesale,Gilbert,AZ,33.376,-111.841,Gilbert (North / Baseline Rd)
Costco Wholesale,Glendale,AZ,33.643,-112.233,Glendale
Costco Wholesale,Mesa,AZ,33.389,-111.669,Mesa
Costco Wholesale,Phoenix,AZ,33.66,-112.116,Phoenix (Northwest / 83rd Ave)
Costco Wholesale,Tucson,AZ,32.326,-111.05,Tucson (North / Thornydale)
Costco Wholesale,Prescott,AZ,34.548,-112.397,Prescott
Costco Wholesale,Queen Creek,AZ,33.265,-111.637,Queen Creek
Costco Wholesale,Phoenix,AZ,33.604,-111.986,Phoenix (Paradise Valley / Oak St)
Costco Wholesale,Scottsdale,AZ,33.623,-111.901,Scottsdale
Costco Wholesale,Gilbert,AZ,33.296,-111.745,Gilbert (South / Market St)
Costco Wholesale,Tempe,AZ,33.347,-111.962,Tempe
Costco Wholesale,Surprise,AZ,33.608,-112.411,Surprise
Costco Wholesale,Tucson,AZ,32.18,-110.947,Tucson (South / Marketplace)
Costco Wholesale,Phoenix,AZ,33.474,-111.985,Phoenix (East / Thomas Rd)
Costco Wholesale,Tucson,AZ,32.252,-110.859,Tucson (East / Grant Rd)
Costco Wholesale,Alhambra,CA,34.088,-118.148,Alhambra
Costco Wholesale,Azusa,CA,34.132,-117.926,Azusa
Costco Wholesale,Antioch,CA,38.009,-121.835,Antioch
Costco Wholesale,Little Rock,AR,34.757,-92.454,Little Rock
Costco Wholesale,San Jose,CA,37.253,-121.88,San Jose (Almaden Expressway)
Costco Wholesale,Bakersfield,CA,35.386,-119.05,Bakersfield (North / Rosedale)
Costco Wholesale,Burbank,CA,34.186,-118.324,Burbank
Costco Wholesale,Brentwood,CA,37.958,-121.751,Brentwood
Costco Wholesale,Sacramento,CA,38.597,-121.453,Sacramento (Central / Expo Blvd)
Costco Wholesale,Carlsbad,CA,33.121,-117.315,Carlsbad
Costco Wholesale,San Diego,CA,32.988,-117.078,San Diego (Poway / Carmel Mountain)
Costco Wholesale,Chino Hills,CA,34.014,-117.742,Chino Hills
Costco Wholesale,Citrus Heights,CA,38.69,-121.297,Citrus Heights
Costco Wholesale,Chico,CA,39.721,-121.81,Chico
Costco Wholesale,City of Industry,CA,33.995,-117.922,City of Industry
Costco Wholesale,Chula Vista,CA,32.607,-117.081,Chula Vista (South / Broadway)
Costco Wholesale,Clovis,CA,36.806,-119.703,Clovis
Costco Wholesale,Corona,CA,33.887,-117.524,Corona
Costco Wholesale,Marina Del Rey,CA,33.993,-118.446,Marina Del Rey
Costco Wholesale,Cypress,CA,33.804,-118.038,Cypress
Costco Wholesale,Concord,CA,37.958,-122.033,Concord
Costco Wholesale,Danville,CA,37.782,-121.973,Danville
Costco Wholesale,Eastvale,CA,33.997,-117.556,Eastvale
Costco Wholesale,El Centro,CA,32.812,-115.573,El Centro
Costco Wholesale,South San Francisco,CA,37.665,-122.449,South San Francisco (El Camino Real)
Costco Wholesale,Elk Grove,CA,38.406,-121.413,Elk Grove
Costco Wholesale,Eureka,CA,40.792,-124.181,Eureka
Costco Wholesale,Folsom,CA,38.645,-121.111,Folsom
Costco Wholesale,Fairfield,CA,38.214,-122.145,Fairfield
Costco Wholesale,Fontana,CA,34.138,-117.443,Fontana
Costco Wholesale,Foster City,CA,37.562,-122.274,Foster City
Costco Wholesale,Fountain Valley,CA,33.703,-117.932,Fountain Valley
Costco Wholesale,Fremont,CA,37.502,-121.972,Fremont
Costco Wholesale,Gilroy,CA,37.008,-121.556,Gilroy
Costco Wholesale,Fresno,CA,36.81,-119.874,Fresno (West / Shaw Ave)
Costco Wholesale,Garden Grove,CA,33.773,-117.941,Garden Grove
Costco Wholesale,Fullerton,CA,33.862,-117.922,Fullerton
Costco Wholesale,Goleta,CA,34.428,-119.874,Goleta
Costco Wholesale,Hanford,CA,36.327,-119.607,Hanford
Costco Wholesale,San Jose,CA,37.244,-121.786,San Jose (South / Great Oaks)
Costco Wholesale,Hayward,CA,37.615,-122.088,Hayward
Costco Wholesale,Hawthorne,CA,33.899,-118.373,Hawthorne
Costco Wholesale,Highland,CA,34.109,-117.193,Highland
Costco Wholesale,Inglewood,CA,33.943,-118.334,Inglewood
Costco Wholesale,La Habra,CA,33.933,-117.97,La Habra
Costco Wholesale,Huntington Beach,CA,33.733,-117.996,Huntington Beach
Costco Wholesale,Irvine,CA,33.66,-117.745,Irvine
Costco Wholesale,La Mesa,CA,32.774,-117.025,La Mesa
Costco Wholesale,La Quinta,CA,33.704,-116.273,La Quinta
Costco Wholesale,Laguna Niguel,CA,33.567,-117.711,Laguna Niguel (West / Heather Ridge)
Costco Wholesale,Laguna Niguel,CA,33.555,-117.677,Laguna Niguel (East / Cabot Rd)
Costco Wholesale,Lake Elsinore,CA,33.697,-117.339,Lake Elsinore
Costco Wholesale,Lakewood,CA,33.85,-118.137,Lakewood
Costco Wholesale,Lodi,CA,38.1,-121.264,Lodi
Costco Wholesale,Lancaster,CA,34.662,-118.152,Lancaster
Costco Wholesale,Loomis,CA,38.809,-121.205,Loomis
Costco Wholesale,Los Angeles,CA,34.129,-118.264,Los Angeles
Costco Wholesale,Livermore,CA,37.703,-121.812,Livermore
Costco Wholesale,Linda,CA,39.125,-121.57,Linda
Costco Wholesale,Manteca,CA,37.786,-121.26,Manteca
Costco Wholesale,Merced,CA,37.303,-120.498,Merced
Costco Wholesale,San Diego,CA,32.78,-117.129,San Diego (Mission Valley)
Costco Wholesale,Montclair,CA,34.083,-117.691,Montclair
Costco Wholesale,Modesto,CA,37.702,-121.067,Modesto
Costco Wholesale,Monterey Park,CA,34.037,-118.104,Monterey Park
Costco Wholesale,San Diego,CA,32.822,-117.225,San Diego (Morena Blvd)
Costco Wholesale,Moreno Valley,CA,33.936,-117.276,Moreno Valley
Costco Wholesale,Mountain View,CA,37.421,-122.095,Mountain View
Costco Wholesale,Murrieta,CA,33.6,-117.171,Murrieta
Costco Wholesale,Visalia,CA,36.359,-119.365,Visalia (North / Dinuba Blvd)
Costco Wholesale,Fresno,CA,36.839,-119.788,Fresno (North / Blackstone)
Costco Wholesale,Napa,CA,38.249,-122.278,Napa
Costco Wholesale,Sacramento,CA,38.64,-121.522,Sacramento (North / Stockton Blvd)
Costco Wholesale,Northridge,CA,34.23,-118.551,Northridge
Costco Wholesale,Newark,CA,37.526,-122,Newark
Costco Wholesale,San Jose,CA,37.391,-121.885,San Jose (North / Automation Pkwy)
Costco Wholesale,Novato,CA,38.089,-122.552,Novato
Costco Wholesale,Norwalk,CA,33.92,-118.102,Norwalk
Costco Wholesale,Oxnard,CA,34.225,-119.148,Oxnard
Costco Wholesale,Pacoima,CA,34.272,-118.426,Pacoima
Costco Wholesale,Ontario,CA,34.062,-117.528,Ontario
Costco Wholesale,Pleasanton,CA,37.695,-121.918,Pleasanton
Costco Wholesale,Poway,CA,32.936,-117.034,Poway
Costco Wholesale,Palm Desert,CA,33.804,-116.39,Palm Desert
Costco Wholesale,Rancho Cucamonga,CA,34.079,-117.548,Rancho Cucamonga
Costco Wholesale,Rancho Cordova,CA,38.59,-121.264,Rancho Cordova
Costco Wholesale,Chula Vista,CA,32.638,-117.022,Chula Vista (East / Otay Ranch)
Costco Wholesale,Redding,CA,40.541,-122.354,Redding
Costco Wholesale,Redwood City,CA,37.478,-122.216,Redwood City
Costco Wholesale,Richmond,CA,37.899,-122.32,Richmond
Costco Wholesale,Riverbank,CA,37.711,-120.954,Riverbank
Costco Wholesale,Rohnert Park,CA,38.352,-122.716,Rohnert Park
Costco Wholesale,Roseville,CA,38.781,-121.266,Roseville (East / Stanford Ranch)
Costco Wholesale,South San Francisco,CA,37.642,-122.401,South San Francisco (Airport Blvd)
Costco Wholesale,Sacramento,CA,38.468,-121.415,Sacramento (South / Mack Rd)
Costco Wholesale,Salinas,CA,36.704,-121.669,Salinas
Costco Wholesale,San Bernardino,CA,34.068,-117.263,San Bernardino
Costco Wholesale,San Dimas,CA,34.112,-117.826,San Dimas
Costco Wholesale,San Francisco,CA,37.77,-122.411,San Francisco
Costco Wholesale,San Jose,CA,37.31,-121.852,San Jose (Senter Rd)
Costco Wholesale,San Leandro,CA,37.72,-122.182,San Leandro
Costco Wholesale,San Juan Capistrano,CA,33.47,-117.678,San Juan Capistrano
Costco Wholesale,San Luis Obispo,CA,35.252,-120.691,San Luis Obispo
Costco Wholesale,San Marcos,CA,33.135,-117.125,San Marcos
Costco Wholesale,Santa Clara,CA,37.356,-121.939,Santa Clara
Costco Wholesale,Santa Clarita,CA,34.404,-118.461,Santa Clarita
Costco Wholesale,Sand City,CA,36.617,-121.845,Sand City
Costco Wholesale,Santa Cruz,CA,36.984,-122.034,Santa Cruz
Costco Wholesale,Santa Rosa,CA,38.42,-122.712,Santa Rosa
Costco Wholesale,Santa Maria,CA,34.927,-120.419,Santa Maria
Costco Wholesale,Santee,CA,32.84,-116.988,Santee
Costco Wholesale,San Diego,CA,32.713,-117.114,San Diego (Southeast / Gateway)
Costco Wholesale,Signal Hill,CA,33.805,-118.166,Signal Hill
Costco Wholesale,Simi Valley,CA,34.283,-118.796,Simi Valley
Costco Wholesale,Stockton,CA,38.019,-121.293,Stockton
Costco Wholesale,Sunnyvale,CA,37.372,-121.995,Sunnyvale
Costco Wholesale,Temecula,CA,33.522,-117.155,Temecula
Costco Wholesale,Bakersfield,CA,35.298,-119.058,Bakersfield (South / Panama Lane)
Costco Wholesale,Torrance,CA,33.807,-118.334,Torrance
Costco Wholesale,Tracy,CA,37.752,-121.475,Tracy
Costco Wholesale,Turlock,CA,37.519,-120.888,Turlock
Costco Wholesale,Tustin,CA,33.7,-117.823,Tustin (El Camino Real)
Costco Wholesale,Tustin,CA,33.728,-117.796,Tustin (The District / Park Ave)
Costco Wholesale,Ukiah,CA,39.127,-123.197,Ukiah
Costco Wholesale,Vacaville,CA,38.351,-121.98,Vacaville
Costco Wholesale,Vallejo,CA,38.133,-122.213,Vallejo
Costco Wholesale,Van Nuys,CA,34.182,-118.464,Van Nuys
Costco Wholesale,Victorville,CA,34.516,-117.318,Victorville
Costco Wholesale,Visalia,CA,36.293,-119.307,Visalia (South / Cameron Ave)
Costco Wholesale,Roseville,CA,38.753,-121.366,Roseville (West / Baseline)
Costco Wholesale,Vista,CA,33.188,-117.276,Vista
Costco Wholesale,Westlake Village,CA,34.152,-118.797,Westlake Village
Costco Wholesale,Woodland,CA,38.672,-121.723,Woodland
Costco Wholesale,Woodland Hills,CA,34.187,-118.604,Woodland Hills
Costco Wholesale,Arvada,CO,39.79,-105.083,Arvada
Costco Wholesale,Yorba Linda,CA,33.876,-117.744,Yorba Linda
Costco Wholesale,Aurora,CO,39.691,-104.866,Aurora
Costco Wholesale,Littleton,CO,39.558,-104.877,Littleton (County Line Rd)
Costco Wholesale,Colorado Springs,CO,38.893,-104.718,Colorado Springs (East / Powers Blvd)
Costco Wholesale,Gypsum,CO,39.64,-106.904,Gypsum
Costco Wholesale,Denver,CO,39.78,-104.795,Denver
Costco Wholesale,Longmont,CO,40.151,-105.087,Longmont
Costco Wholesale,Parker,CO,39.556,-104.776,Parker
Costco Wholesale,Sheridan,CO,39.644,-105.006,Sheridan
Costco Wholesale,Littleton,CO,39.638,-105.087,Littleton (South / Wadsworth)
Costco Wholesale,Superior,CO,39.961,-105.175,Superior
Costco Wholesale,Timnath,CO,40.521,-104.99,Timnath
Costco Wholesale,Colorado Springs,CO,38.905,-104.822,Colorado Springs (North / Nevada Ave)
Costco Wholesale,Thornton,CO,39.991,-104.983,Thornton
Costco Wholesale,Westminster,CO,39.862,-105.066,Westminster
Costco Wholesale,Brookfield,CT,41.442,-73.406,Brookfield
Costco Wholesale,East Lyme,CT,41.36,-72.213,East Lyme
Costco Wholesale,Enfield,CT,41.994,-72.576,Enfield
Costco Wholesale,Milford,CT,41.251,-73.025,Milford
Costco Wholesale,Norwalk,CT,41.092,-73.451,Norwalk
Costco Wholesale,New Britain,CT,41.709,-72.763,New Britain
Costco Wholesale,Waterbury,CT,41.54,-72.968,Waterbury
Costco Wholesale,South Windsor,CT,41.817,-72.556,South Windsor
Costco Wholesale,Newark,DE,39.676,-75.65,Newark
Costco Wholesale,Altamonte Springs,FL,28.661,-81.418,Altamonte Springs
Costco Wholesale,Boca Raton,FL,26.413,-80.1,Boca Raton
Costco Wholesale,Bradenton,FL,27.495,-82.47,Bradenton
Costco Wholesale,Brandon,FL,27.922,-82.331,Brandon
Costco Wholesale,Clearwater,FL,27.956,-82.728,Clearwater
Costco Wholesale,Clermont,FL,28.549,-81.667,Clermont
Costco Wholesale,Coral Springs,FL,26.288,-80.279,Coral Springs
Costco Wholesale,Davie,FL,26.097,-80.251,Davie
Costco Wholesale,Daytona Beach,FL,29.196,-81.076,Daytona Beach
Costco Wholesale,Jacksonville,FL,30.252,-81.534,Jacksonville (East / Town Center)
Costco Wholesale,Winter Park,FL,28.599,-81.3,Winter Park
Costco Wholesale,Miami,FL,25.653,-80.412,Miami (South / Kendall)
Costco Wholesale,Fort Myers,FL,26.49,-81.786,Fort Myers (South / Gulf Coast Town Ctr)
Costco Wholesale,Lantana,FL,26.589,-80.071,Lantana
Costco Wholesale,Fort Myers,FL,26.544,-81.874,Fort Myers (North / Cypress Lake)
Costco Wholesale,Melbourne,FL,28.19,-80.719,Melbourne
Costco Wholesale,Miami Lakes,FL,25.923,-80.299,Miami Lakes
Costco Wholesale,Naples,FL,26.22,-81.775,Naples
Costco Wholesale,Miami,FL,25.77,-80.323,Miami (West / Flagler St)
Costco Wholesale,North Miami,FL,25.913,-80.155,North Miami
Costco Wholesale,Palm Beach Gardens,FL,26.807,-80.088,Palm Beach Gardens
Costco Wholesale,Pembroke Pines,FL,26.008,-80.361,Pembroke Pines
Costco Wholesale,North Port,FL,27.044,-82.312,North Port
Costco Wholesale,Pensacola,FL,30.533,-87.265,Pensacola
Costco Wholesale,Pompano Beach,FL,26.273,-80.15,Pompano Beach
Costco Wholesale,Royal Palm Beach,FL,26.683,-80.225,Royal Palm Beach
Costco Wholesale,Orlando,FL,28.496,-81.425,Orlando
Costco Wholesale,Sarasota,FL,27.235,-82.493,Sarasota
Costco Wholesale,St. Augustine,FL,29.983,-81.464,St. Augustine
Costco Wholesale,Stuart,FL,27.165,-80.247,Stuart
Costco Wholesale,Tallahassee,FL,30.461,-84.213,Tallahassee
Costco Wholesale,Jacksonville,FL,30.201,-81.757,Jacksonville (West / Argyle Forest)
Costco Wholesale,Tampa,FL,28.042,-82.581,Tampa
Costco Wholesale,The Villages,FL,28.93,-82.023,The Villages
Costco Wholesale,Lutz,FL,28.189,-82.394,Lutz
Costco Wholesale,Alpharetta,GA,34.091,-84.278,Alpharetta
Costco Wholesale,Athens,GA,33.92,-83.457,Athens
Costco Wholesale,Augusta,GA,33.525,-82.02,Augusta
Costco Wholesale,Atlanta,GA,33.873,-84.336,Atlanta (Perimeter / Dunwoody)
Costco Wholesale,Cumming,GA,34.214,-84.116,Cumming
Costco Wholesale,Atlanta,GA,33.882,-84.47,Atlanta (Cumberland / Cobb Pkwy)
Costco Wholesale,Dallas,GA,33.921,-84.764,Dallas
Costco Wholesale,Ringgold,GA,34.969,-85.195,Ringgold
Costco Wholesale,Duluth,GA,33.948,-84.143,Duluth
Costco Wholesale,Atlanta,GA,33.929,-84.355,Atlanta (Sandy Springs)
Costco Wholesale,Buford,GA,34.062,-83.995,Buford
Costco Wholesale,Sharpsburg,GA,33.397,-84.619,Sharpsburg
Costco Wholesale,Mcdonough,GA,33.48,-84.221,Mcdonough
Costco Wholesale,Pooler,GA,32.081,-81.277,Pooler
Costco Wholesale,Kennesaw,GA,34.006,-84.57,Kennesaw
Costco Wholesale,Woodstock,GA,34.12,-84.515,Woodstock
Costco Wholesale,Honolulu,HI,21.319,-157.872,Honolulu (Iwilei / Alakawa St)
Costco Wholesale,Lihue,HI,21.967,-159.383,Lihue
Costco Wholesale,Honolulu,HI,21.283,-157.712,Honolulu (Hawaii Kai)
Costco Wholesale,Kapolei,HI,21.327,-158.088,Kapolei
Costco Wholesale,Kailua Kona,HI,19.686,-156.017,Kailua Kona
Costco Wholesale,Kahului,HI,20.888,-156.448,Kahului
Costco Wholesale,Pearl City,HI,21.392,-157.963,Pearl City
Costco Wholesale,Boise,ID,43.585,-116.276,Boise
Costco Wholesale,Idaho Falls,ID,43.514,-111.985,Idaho Falls
Costco Wholesale,Waipahu,HI,21.427,-158,Waipahu
Costco Wholesale,Coeur D' Alene,ID,47.709,-116.783,Coeur D' Alene
Costco Wholesale,Meridian,ID,43.661,-116.437,Meridian
Costco Wholesale,Nampa,ID,43.615,-116.59,Nampa
Costco Wholesale,Pocatello,ID,42.905,-112.455,Pocatello
Costco Wholesale,Twin Falls,ID,42.593,-114.463,Twin Falls
Costco Wholesale,Bloomingdale,IL,41.941,-88.133,Bloomingdale
Costco Wholesale,Bolingbrook,IL,41.727,-88.033,Bolingbrook
Costco Wholesale,Chicago,IL,41.863,-87.668,Chicago (Ashland Ave / South)
Costco Wholesale,Champaign,IL,40.142,-88.247,Champaign
Costco Wholesale,Glenview,IL,42.107,-87.821,Glenview
Costco Wholesale,East Peoria,IL,40.669,-89.585,East Peoria
Costco Wholesale,Lake in the Hills,IL,42.179,-88.337,Lake in the Hills
Costco Wholesale,Lake Zurich,IL,42.187,-88.094,Lake Zurich
Costco Wholesale,Chicago,IL,41.93,-87.677,Chicago (Clybourn Ave / Lincoln Park)
Costco Wholesale,Mettawa,IL,42.236,-87.902,Mettawa
Costco Wholesale,Melrose Park,IL,41.909,-87.837,Melrose Park
Costco Wholesale,Loves Park,IL,42.322,-88.962,Loves Park
Costco Wholesale,Mount Prospect,IL,42.083,-87.932,Mount Prospect
Costco Wholesale,Naperville,IL,41.746,-88.204,Naperville (West / Route 59)
Costco Wholesale,North Riverside,IL,41.845,-87.806,North Riverside
Costco Wholesale,Niles,IL,42.015,-87.781,Niles
Costco Wholesale,Oak Brook,IL,41.846,-87.961,Oak Brook
Costco Wholesale,Naperville,IL,41.796,-88.123,Naperville (East / 75th St)
Costco Wholesale,Orland Park,IL,41.6,-87.862,Orland Park
Costco Wholesale,Schaumburg,IL,42.055,-88.043,Schaumburg
Costco Wholesale,Saint Charles,IL,41.909,-88.343,Saint Charles
Costco Wholesale,Plainfield,IL,41.588,-88.168,Plainfield
Costco Wholesale,Avon,IN,39.766,-86.366,Avon
Costco Wholesale,Yorkville,IL,41.656,-88.438,Yorkville
Costco Wholesale,Indianapolis,IN,39.913,-86.061,Indianapolis (Castleton / 86th St)
Costco Wholesale,Evansville,IN,37.988,-87.463,Evansville
Costco Wholesale,Fort Wayne,IN,41.126,-85.158,Fort Wayne
Costco Wholesale,Indianapolis,IN,39.917,-86.227,Indianapolis (Northwest / Michigan Rd)
Costco Wholesale,Merrillville,IN,41.475,-87.322,Merrillville
Costco Wholesale,Granger,IN,41.719,-86.171,Granger
Costco Wholesale,Ankeny,IA,41.764,-93.567,Ankeny
Costco Wholesale,Indianapolis,IN,39.638,-86.09,Indianapolis (South / Stop 11 Rd)
Costco Wholesale,Noblesville,IN,40.004,-86.003,Noblesville
Costco Wholesale,Coralville,IA,41.697,-91.617,Coralville
Costco Wholesale,Davenport,IA,41.577,-90.534,Davenport
Costco Wholesale,Lenexa,KS,38.959,-94.734,Lenexa
Costco Wholesale,West Des Moines,IA,41.562,-93.806,West Des Moines
Costco Wholesale,Overland Park,KS,38.907,-94.671,Overland Park
Costco Wholesale,Wichita,KS,37.68,-97.224,Wichita
Costco Wholesale,Louisville,KY,38.204,-85.669,Louisville (Bardstown Rd)
Costco Wholesale,Florence,KY,38.989,-84.646,Florence
Costco Wholesale,Lexington,KY,38.024,-84.41,Lexington
Costco Wholesale,Louisville,KY,38.316,-85.573,Louisville (East / Norton Commons)
Costco Wholesale,New Orleans,LA,29.968,-90.11,New Orleans
Costco Wholesale,Covington,LA,30.447,-90.132,Covington
Costco Wholesale,Scarborough,ME,43.609,-70.358,Scarborough
Costco Wholesale,Baton Rouge,LA,30.419,-91.073,Baton Rouge
Costco Wholesale,Lafayette,LA,30.156,-92.042,Lafayette
Costco Wholesale,Hanover,MD,39.156,-76.731,Hanover
Costco Wholesale,Brandywine,MD,38.67,-76.873,Brandywine
Costco Wholesale,Elkridge,MD,39.187,-76.794,Elkridge
Costco Wholesale,Beltsville,MD,39.033,-76.909,Beltsville
Costco Wholesale,Frederick,MD,39.402,-77.408,Frederick
Costco Wholesale,Gaithersburg,MD,39.157,-77.213,Gaithersburg
Costco Wholesale,Glen Burnie,MD,39.197,-76.6,Glen Burnie
Costco Wholesale,Baltimore,MD,39.358,-76.445,Baltimore
Costco Wholesale,Owings Mills,MD,39.407,-76.789,Owings Mills
Costco Wholesale,Wheaton,MD,39.037,-77.053,Wheaton
Costco Wholesale,Avon,MA,42.137,-71.066,Avon
Costco Wholesale,Glenarden,MD,38.923,-76.851,Glenarden
Costco Wholesale,Danvers,MA,42.556,-70.977,Danvers
Costco Wholesale,Dedham,MA,42.232,-71.173,Dedham
Costco Wholesale,Everett,MA,42.397,-71.071,Everett
Costco Wholesale,West Springfield,MA,42.132,-72.621,West Springfield
Costco Wholesale,Auburn Hills,MI,42.706,-83.294,Auburn Hills
Costco Wholesale,Waltham,MA,42.394,-71.266,Waltham
Costco Wholesale,Bloomfield,MI,42.607,-83.293,Bloomfield
Costco Wholesale,Sharon,MA,42.105,-71.225,Sharon
Costco Wholesale,Commerce Township,MI,42.535,-83.445,Commerce Township
Costco Wholesale,Fruitport,MI,43.142,-86.206,Fruitport
Costco Wholesale,East Lansing,MI,42.752,-84.444,East Lansing
Costco Wholesale,Grand Rapids,MI,42.911,-85.543,Grand Rapids
Costco Wholesale,Flint,MI,42.938,-83.722,Flint
Costco Wholesale,Brighton,MI,42.504,-83.762,Brighton
Costco Wholesale,Livonia,MI,42.433,-83.43,Livonia (West / Middlebelt)
Costco Wholesale,Shelby Township,MI,42.63,-82.98,Shelby Township
Costco Wholesale,Kalamazoo,MI,42.272,-85.651,Kalamazoo
Costco Wholesale,Madison Heights,MI,42.516,-83.118,Madison Heights
Costco Wholesale,Midland,MI,43.604,-84.169,Midland
Costco Wholesale,Livonia,MI,42.382,-83.332,Livonia (East / Haggerty Rd)
Costco Wholesale,Roseville,MI,42.496,-82.936,Roseville
Costco Wholesale,Ann Arbor,MI,42.231,-83.743,Ann Arbor
Costco Wholesale,Traverse City,MI,44.734,-85.573,Traverse City
Costco Wholesale,Baxter,MN,46.349,-94.248,Baxter
Costco Wholesale,Burnsville,MN,44.75,-93.294,Burnsville
Costco Wholesale,Wyoming,MI,42.876,-85.764,Wyoming
Costco Wholesale,Chaska,MN,44.84,-93.602,Chaska
Costco Wholesale,Minneapolis,MN,45.199,-93.348,Minneapolis
Costco Wholesale,Eagan,MN,44.86,-93.14,Eagan
Costco Wholesale,Duluth,MN,46.824,-92.172,Duluth
Costco Wholesale,Eden Prairie,MN,44.861,-93.436,Eden Prairie
Costco Wholesale,Maple Grove,MN,45.093,-93.424,Maple Grove
Costco Wholesale,Maplewood,MN,45.029,-93.04,Maplewood
Costco Wholesale,Rochester,MN,44.047,-92.517,Rochester
Costco Wholesale,Saint Cloud,MN,45.548,-94.199,Saint Cloud
Costco Wholesale,Saint Louis Park,MN,44.967,-93.354,Saint Louis Park
Costco Wholesale,Woodbury,MN,44.937,-92.963,Woodbury
Costco Wholesale,Kansas City,MO,39.068,-94.581,Kansas City (Linwood Blvd)
Costco Wholesale,Independence,MO,39.036,-94.357,Independence
Costco Wholesale,Ridgeland,MS,32.423,-90.147,Ridgeland
Costco Wholesale,Manchester,MO,38.598,-90.508,Manchester
Costco Wholesale,Springfield,MO,37.207,-93.224,Springfield
Costco Wholesale,Saint Louis,MO,38.509,-90.339,Saint Louis (South / Rusty Rd)
Costco Wholesale,Kansas City,MO,39.254,-94.598,Kansas City (North / Boardwalk Dr)
Costco Wholesale,Saint Peters,MO,38.797,-90.609,Saint Peters
Costco Wholesale,Saint Louis,MO,38.676,-90.359,Saint Louis (North / Olive Blvd)
Costco Wholesale,Bozeman,MT,45.712,-111.071,Bozeman
Costco Wholesale,Helena,MT,46.615,-112.002,Helena
Costco Wholesale,Billings,MT,45.734,-108.614,Billings
Costco Wholesale,Kalispell,MT,48.252,-114.328,Kalispell
Costco Wholesale,Missoula,MT,46.896,-114.038,Missoula
Costco Wholesale,Lincoln,NE,40.739,-96.697,Lincoln
Costco Wholesale,La Vista,NE,41.177,-96.109,La Vista
Costco Wholesale,Omaha,NE,41.29,-96.191,Omaha (Dodge St)
Costco Wholesale,Omaha,NE,41.265,-96.106,Omaha (South / Maple St)
Costco Wholesale,Carson City,NV,39.116,-119.778,Carson City
Costco Wholesale,Las Vegas,NV,36.279,-115.21,Las Vegas (Centennial Hills)
Costco Wholesale,Henderson,NV,36.069,-115.038,Henderson (Marks St)
Costco Wholesale,Reno,NV,39.503,-119.785,Reno
Costco Wholesale,Sparks,NV,39.579,-119.739,Sparks
Costco Wholesale,Las Vegas,NV,36.063,-115.258,Las Vegas (South / Decatur Blvd)
Costco Wholesale,Henderson,NV,35.987,-115.138,Henderson (St Rose Pkwy)
Costco Wholesale,Nashua,NH,42.703,-71.443,Nashua
Costco Wholesale,Las Vegas,NV,36.163,-115.333,Las Vegas (Summerlin / Charleston Blvd)
Costco Wholesale,Bayonne,NJ,40.674,-74.104,Bayonne
Costco Wholesale,Brick,NJ,40.055,-74.158,Brick
Costco Wholesale,Bridgewater,NJ,40.563,-74.558,Bridgewater
Costco Wholesale,Cherry Hill,NJ,39.926,-75.041,Cherry Hill
Costco Wholesale,Clifton,NJ,40.831,-74.137,Clifton
Costco Wholesale,East Hanover,NJ,40.809,-74.381,East Hanover
Costco Wholesale,Edison,NJ,40.529,-74.377,Edison
Costco Wholesale,Flemington,NJ,40.523,-74.853,Flemington
Costco Wholesale,Stafford Township,NJ,39.707,-74.288,Stafford Township
Costco Wholesale,Hazlet,NJ,40.42,-74.171,Hazlet
Costco Wholesale,Morganville,NJ,40.361,-74.304,Morganville
Costco Wholesale,Mount Laurel,NJ,39.969,-74.911,Mount Laurel
Costco Wholesale,North Plainfield,NJ,40.612,-74.459,North Plainfield
Costco Wholesale,North Brunswick,NJ,40.436,-74.506,North Brunswick
Costco Wholesale,Ocean,NJ,40.233,-74.046,Ocean
Costco Wholesale,Lawrence Township,NJ,40.282,-74.675,Lawrence Township
Costco Wholesale,Teterboro,NJ,40.861,-74.064,Teterboro
Costco Wholesale,Union,NJ,40.694,-74.288,Union
Costco Wholesale,Wharton,NJ,40.907,-74.568,Wharton
Costco Wholesale,Albuquerque,NM,35.137,-106.614,Albuquerque (Central / Eubank)
Costco Wholesale,Wayne,NJ,40.892,-74.251,Wayne
Costco Wholesale,Albuquerque,NM,35.196,-106.662,Albuquerque (North / Coors Blvd)
Costco Wholesale,Albuquerque,NM,35.068,-106.531,Albuquerque (South / Montano)
Costco Wholesale,Brooklyn,NY,40.656,-74.009,Brooklyn
Costco Wholesale,Holbrook,NY,40.773,-73.051,Holbrook
Costco Wholesale,New York,NY,40.795,-73.932,New York
Costco Wholesale,Commack,NY,40.807,-73.287,Commack
Costco Wholesale,Lawrence,NY,40.63,-73.74,Lawrence
Costco Wholesale,Melville,NY,40.758,-73.42,Melville
Costco Wholesale,Nesconset,NY,40.859,-73.13,Nesconset
Costco Wholesale,Nanuet,NY,41.107,-74.025,Nanuet
Costco Wholesale,Oceanside,NY,40.619,-73.652,Oceanside
Costco Wholesale,New Rochelle,NY,40.896,-73.794,New Rochelle
Costco Wholesale,Port Chester,NY,40.999,-73.662,Port Chester
Costco Wholesale,Rego Park,NY,40.734,-73.863,Rego Park
Costco Wholesale,Long Island City,NY,40.761,-73.943,Long Island City
Costco Wholesale,Rochester,NY,43.114,-77.613,Rochester
Costco Wholesale,Riverhead,NY,40.923,-72.703,Riverhead
Costco Wholesale,Staten Island,NY,40.573,-74.168,Staten Island
Costco Wholesale,Camillus,NY,43.039,-76.281,Camillus
Costco Wholesale,Yonkers,NY,40.975,-73.861,Yonkers
Costco Wholesale,Apex,NC,35.746,-78.828,Apex
Costco Wholesale,Charlotte,NC,35.162,-80.885,Charlotte
Costco Wholesale,Westbury,NY,40.744,-73.598,Westbury
Costco Wholesale,Durham,NC,36.029,-78.914,Durham
Costco Wholesale,Matthews,NC,35.13,-80.705,Matthews
Costco Wholesale,Greensboro,NC,36.057,-79.883,Greensboro
Costco Wholesale,Mooresville,NC,35.583,-80.854,Mooresville
Costco Wholesale,Raleigh,NC,35.668,-78.699,Raleigh (South / Garner)
Costco Wholesale,Raleigh,NC,35.818,-78.622,Raleigh (North / Six Forks)
Costco Wholesale,Winston Salem,NC,36.064,-80.318,Winston Salem
Costco Wholesale,Wilmington,NC,34.248,-77.873,Wilmington
Costco Wholesale,Bismarck,ND,46.865,-100.769,Bismarck
Costco Wholesale,West Fargo,ND,46.845,-96.887,West Fargo
Costco Wholesale,Avon,OH,41.461,-82.012,Avon
Costco Wholesale,Centerville,OH,39.662,-84.106,Centerville
Costco Wholesale,Boston Heights,OH,41.266,-81.507,Boston Heights
Costco Wholesale,Columbus,OH,40.149,-82.976,Columbus (North / Polaris Pkwy)
Costco Wholesale,Cincinnati,OH,39.296,-84.303,Cincinnati
Costco Wholesale,Columbus,OH,40.053,-82.905,Columbus (East / Easton)
Costco Wholesale,Cleveland,OH,41.526,-81.447,Cleveland
Costco Wholesale,Liberty Township,OH,39.37,-84.357,Liberty Township
Costco Wholesale,Plain City,OH,40.107,-83.256,Plain City
Costco Wholesale,North Canton,OH,40.886,-81.44,North Canton
Costco Wholesale,Perrysburg,OH,41.535,-83.635,Perrysburg
Costco Wholesale,Strongsville,OH,41.317,-81.816,Strongsville
Costco Wholesale,Toledo,OH,41.676,-83.625,Toledo
Costco Wholesale,Tulsa,OK,36.223,-95.85,Tulsa (North / 46th St)
Costco Wholesale,Moore,OK,35.313,-97.496,Moore
Costco Wholesale,Oklahoma City,OK,35.604,-97.53,Oklahoma City
Costco Wholesale,Tulsa,OK,36.014,-95.889,Tulsa (South / Memorial Dr)
Costco Wholesale,Albany,OR,44.639,-123.065,Albany
Costco Wholesale,Bend,OR,44.106,-121.305,Bend
Costco Wholesale,Aloha,OR,45.509,-122.842,Aloha
Costco Wholesale,Central Point,OR,42.374,-122.888,Central Point
Costco Wholesale,Eugene,OR,44.089,-123.067,Eugene
Costco Wholesale,Clackamas,OR,45.428,-122.575,Clackamas
Costco Wholesale,Hillsboro,OR,45.536,-122.936,Hillsboro
Costco Wholesale,Portland,OR,45.56,-122.525,Portland
Costco Wholesale,Roseburg,OR,43.261,-123.35,Roseburg
Costco Wholesale,Salem,OR,44.884,-123.007,Salem
Costco Wholesale,Tigard,OR,45.435,-122.758,Tigard
Costco Wholesale,Wilsonville,OR,45.333,-122.764,Wilsonville
Costco Wholesale,Warrenton,OR,46.147,-123.914,Warrenton
Costco Wholesale,Allentown,PA,40.567,-75.558,Allentown
Costco Wholesale,Warminster,PA,40.197,-75.08,Warminster
Costco Wholesale,Glen Mills,PA,39.89,-75.533,Glen Mills
Costco Wholesale,Cranberry Township,PA,40.691,-80.108,Cranberry Township
Costco Wholesale,Harrisburg,PA,40.312,-76.799,Harrisburg
Costco Wholesale,Lancaster,PA,40.052,-76.257,Lancaster
Costco Wholesale,King of Prussia,PA,40.091,-75.386,King of Prussia
Costco Wholesale,Homestead,PA,40.403,-79.921,Homestead
Costco Wholesale,Mechanicsburg,PA,40.239,-77.056,Mechanicsburg
Costco Wholesale,North Wales,PA,40.237,-75.234,North Wales
Costco Wholesale,Pittsburgh,PA,40.46,-80.165,Pittsburgh
Costco Wholesale,Caguas Bairoa Ward,PR,18.248,-66.018,Caguas Bairoa Ward
Costco Wholesale,San Juan,PR,18.402,-65.996,San Juan (East / Carolina)
Costco Wholesale,Bayamon,PR,18.394,-66.165,Bayamon (West)
Costco Wholesale,Pottstown,PA,40.239,-75.576,Pottstown
Costco Wholesale,Bayamon,PR,18.394,-66.147,Bayamon (East)
Costco Wholesale,Charleston,SC,32.796,-80.036,Charleston
Costco Wholesale,Columbia,SC,34.069,-81.139,Columbia
Costco Wholesale,San Juan,PR,-31.533,-68.515,San Juan (Correction required - verify coordinate)
Costco Wholesale,Greenville,SC,34.836,-82.311,Greenville
Costco Wholesale,Indian Land,SC,34.969,-80.853,Indian Land
Costco Wholesale,Mount Pleasant,SC,32.882,-79.769,Mount Pleasant
Costco Wholesale,Spartanburg,SC,34.94,-81.998,Spartanburg
Costco Wholesale,Myrtle Beach,SC,33.706,-78.915,Myrtle Beach
Costco Wholesale,Sioux Falls,SD,43.514,-96.741,Sioux Falls
Costco Wholesale,Brentwood,TN,35.964,-86.817,Brentwood
Costco Wholesale,Hendersonville,TN,36.328,-86.625,Hendersonville
Costco Wholesale,Mt. Juliet,TN,36.183,-86.463,Mt. Juliet
Costco Wholesale,Knoxville,TN,35.896,-84.141,Knoxville
Costco Wholesale,Murfreesboro,TN,35.827,-86.42,Murfreesboro
Costco Wholesale,Allen,TX,33.141,-96.686,Allen
Costco Wholesale,Cordova,TN,35.191,-89.793,Cordova
Costco Wholesale,Memphis,TN,35.046,-89.797,Memphis
Costco Wholesale,Nashville,TN,36.14,-86.885,Nashville
Costco Wholesale,Arlington,TX,32.684,-97.113,Arlington
Costco Wholesale,Houston,TX,29.788,-95.53,Houston (Bunker Hill / West)
Costco Wholesale,Cedar Park,TX,30.527,-97.819,Cedar Park
Costco Wholesale,Austin,TX,30.396,-97.744,Austin (North / Research Blvd)
Costco Wholesale,College Station,TX,30.567,-96.263,College Station
Costco Wholesale,Cypress,TX,29.979,-95.712,Cypress
Costco Wholesale,Duncanville,TX,32.621,-96.911,Duncanville
Costco Wholesale,Dallas,TX,32.92,-96.767,Dallas
Costco Wholesale,Plano,TX,33.045,-96.7,Plano (East / Coit Rd)
Costco Wholesale,El Paso,TX,31.782,-106.411,El Paso
Costco Wholesale,Forney,TX,32.775,-96.482,Forney
Costco Wholesale,Fort Worth,TX,32.677,-97.409,Fort Worth (South / Overton Ridge)
Costco Wholesale,Frisco,TX,33.172,-96.837,Frisco
Costco Wholesale,Houston,TX,29.734,-95.439,Houston (Galleria / Richmond Ave)
Costco Wholesale,Georgetown,TX,30.652,-97.679,Georgetown
Costco Wholesale,Humble,TX,30.022,-95.267,Humble
Costco Wholesale,Kyle,TX,30.032,-97.851,Kyle
Costco Wholesale,Liberty Hill,TX,30.691,-97.885,Liberty Hill
Costco Wholesale,Lewisville,TX,32.998,-96.964,Lewisville
Costco Wholesale,Lubbock,TX,33.564,-101.948,Lubbock
Costco Wholesale,Midland,TX,31.995,-102.178,Midland
Costco Wholesale,Mckinney,TX,33.219,-96.66,Mckinney
Costco Wholesale,New Braunfels,TX,29.745,-98.056,New Braunfels
Costco Wholesale,Fort Worth,TX,32.899,-97.32,Fort Worth (North / Alliance)
Costco Wholesale,San Antonio,TX,29.576,-98.597,San Antonio (North / Loop 1604)
Costco Wholesale,Pflugerville,TX,30.47,-97.591,Pflugerville
Costco Wholesale,Pearland,TX,29.544,-95.391,Pearland
Costco Wholesale,Pharr,TX,26.193,-98.203,Pharr
Costco Wholesale,Prosper,TX,33.218,-96.689,Prosper
Costco Wholesale,Richmond,TX,29.646,-95.707,Richmond
Costco Wholesale,Austin,TX,30.219,-97.842,Austin (South / William Cannon)
Costco Wholesale,Rockwall,TX,32.908,-96.446,Rockwall
Costco Wholesale,Selma,TX,29.576,-98.319,Selma
Costco Wholesale,Southlake,TX,32.942,-97.112,Southlake
Costco Wholesale,San Antonio,TX,29.612,-98.476,San Antonio (Northeast / Sonterra)
Costco Wholesale,Sugar Land,TX,29.584,-95.645,Sugar Land
Costco Wholesale,Conroe,TX,30.209,-95.453,Conroe
Costco Wholesale,Tomball,TX,30.069,-95.623,Tomball
Costco Wholesale,Katy,TX,29.783,-95.781,Katy
Costco Wholesale,Plano,TX,33.024,-96.832,Plano (West / Tollway)
Costco Wholesale,San Antonio,TX,29.432,-98.715,San Antonio (West / Westover Hills)
Costco Wholesale,Webster,TX,29.534,-95.14,Webster
Costco Wholesale,Weatherford,TX,32.75,-97.73,Weatherford
Costco Wholesale,Houston,TX,29.955,-95.548,Houston (North / Willowbrook)
Costco Wholesale,West Bountiful,UT,40.89,-111.895,West Bountiful
Costco Wholesale,Murray,UT,40.658,-111.89,Murray
Costco Wholesale,Logan,UT,41.753,-111.857,Logan
Costco Wholesale,Lehi,UT,40.389,-111.823,Lehi
Costco Wholesale,Orem,UT,40.28,-111.68,Orem
Costco Wholesale,Riverton,UT,40.513,-112.002,Riverton
Costco Wholesale,St. George,UT,37.026,-113.601,St. George
Costco Wholesale,Salt Lake City,UT,40.731,-111.901,Salt Lake City (Central / 300 West)
Costco Wholesale,Sandy,UT,40.55,-111.894,Sandy
Costco Wholesale,Saratoga Springs,UT,40.382,-111.919,Saratoga Springs
Costco Wholesale,South Jordan,UT,40.56,-111.976,South Jordan
Costco Wholesale,Spanish Fork,UT,40.123,-111.648,Spanish Fork
Costco Wholesale,Ogden,UT,41.197,-111.978,Ogden
Costco Wholesale,Salt Lake City,UT,40.69,-111.954,Salt Lake City (West Valley)
Costco Wholesale,Syracuse,UT,41.089,-112.087,Syracuse
Costco Wholesale,Saint George,UT,37.123,-113.521,Saint George
Costco Wholesale,Colchester,VT,44.504,-73.174,Colchester
Costco Wholesale,Chantilly,VA,38.896,-77.442,Chantilly
Costco Wholesale,Charlottesville,VA,38.069,-78.49,Charlottesville
Costco Wholesale,North Chesterfield,VA,37.513,-77.607,North Chesterfield
Costco Wholesale,Fairfax,VA,38.85,-77.372,Fairfax
Costco Wholesale,Fredericksburg,VA,38.291,-77.515,Fredericksburg
Costco Wholesale,Manassas,VA,38.785,-77.516,Manassas
Costco Wholesale,Harrisonburg,VA,38.428,-78.858,Harrisonburg
Costco Wholesale,Alexandria,VA,38.742,-77.088,Alexandria
Costco Wholesale,Leesburg,VA,39.114,-77.534,Leesburg
Costco Wholesale,Springfield,VA,38.739,-77.197,Springfield
Costco Wholesale,Newport News,VA,37.108,-76.498,Newport News
Costco Wholesale,Norfolk,VA,36.852,-76.2,Norfolk
Costco Wholesale,Arlington,VA,38.861,-77.057,Arlington
Costco Wholesale,Woodbridge,VA,38.641,-77.293,Woodbridge
Costco Wholesale,Sterling,VA,39.023,-77.401,Sterling
Costco Wholesale,Winchester,VA,39.158,-78.157,Winchester
Costco Wholesale,Glen Allen,VA,37.642,-77.561,Glen Allen
Costco Wholesale,Shoreline,WA,47.775,-122.345,Shoreline
Costco Wholesale,Bellingham,WA,48.792,-122.515,Bellingham
Costco Wholesale,Burlington,WA,48.454,-122.338,Burlington
Costco Wholesale,Clarkston,WA,46.423,-117.043,Clarkston
Costco Wholesale,Bonney Lake,WA,47.167,-122.158,Bonney Lake
Costco Wholesale,Covington,WA,47.355,-122.121,Covington
Costco Wholesale,Camas,WA,45.622,-122.473,Camas
Costco Wholesale,Gig Harbor,WA,47.358,-122.604,Gig Harbor
Costco Wholesale,Everett,WA,47.904,-122.208,Everett
Costco Wholesale,Issaquah,WA,47.551,-122.052,Issaquah
Costco Wholesale,Federal Way,WA,47.287,-122.312,Federal Way
Costco Wholesale,Kennewick,WA,46.225,-119.237,Kennewick
Costco Wholesale,Kirkland,WA,47.681,-122.181,Kirkland
Costco Wholesale,Lacey,WA,47.06,-122.761,Lacey
Costco Wholesale,Lake Stevens,WA,47.975,-122.092,Lake Stevens
Costco Wholesale,Marysville,WA,48.148,-122.191,Marysville
Costco Wholesale,Lynnwood,WA,47.834,-122.273,Lynnwood
Costco Wholesale,Spokane,WA,47.767,-117.383,Spokane (North / Division St)
Costco Wholesale,Puyallup,WA,47.156,-122.308,Puyallup
Costco Wholesale,Redmond,WA,47.674,-122.091,Redmond
Costco Wholesale,Richland,WA,46.26,-119.313,Richland
Costco Wholesale,Ridgefield,WA,45.82,-122.69,Ridgefield
Costco Wholesale,Sequim,WA,48.077,-123.126,Sequim
Costco Wholesale,Seattle,WA,47.565,-122.331,Seattle
Costco Wholesale,Silverdale,WA,47.657,-122.681,Silverdale
Costco Wholesale,Tacoma,WA,47.225,-122.467,Tacoma
Costco Wholesale,Tumwater,WA,46.996,-122.917,Tumwater
Costco Wholesale,Tukwila,WA,47.444,-122.248,Tukwila
Costco Wholesale,Union Gap,WA,46.562,-120.5,Union Gap
Costco Wholesale,Spokane,WA,47.658,-117.333,Spokane (Valley / Sprague Ave)
Costco Wholesale,Vancouver,WA,45.685,-122.604,Vancouver
Costco Wholesale,East Wenatchee,WA,47.401,-120.28,East Wenatchee
Costco Wholesale,Woodinville,WA,47.794,-122.134,Woodinville
Costco Wholesale,Bellevue,WI,44.459,-87.986,Bellevue
Costco Wholesale,Eau Claire,WI,44.831,-91.449,Eau Claire
Costco Wholesale,Grand Chute,WI,44.27,-88.489,Grand Chute
Costco Wholesale,Grafton,WI,43.311,-87.925,Grafton
Costco Wholesale,Menomonee Falls,WI,43.185,-88.112,Menomonee Falls
Costco Wholesale,Middleton,WI,43.1,-89.523,Middleton
Costco Wholesale,New Berlin,WI,42.946,-88.105,New Berlin
Costco Wholesale,Sun Prairie,WI,43.168,-89.274,Sun Prairie
Costco Wholesale,Pewaukee,WI,43.089,-88.231,Pewaukee
Costco Wholesale,Pleasant Prairie,WI,42.565,-87.921,Pleasant Prairie
Costco Wholesale,Verona,WI,42.996,-89.516,Verona
