warehouse_id,warehouse_name,street_address,city,state,zip_code
682,"Albany Or Albany, OR Warehouse | Costco",3130 KILLDEER AVE SE,ALBANY,OR,97322-5359
1634,"Albany Ny Albany, NY Warehouse | Costco",1701 WESTERN AVE,ALBANY,NY,12203-4219
116,"Albuquerque, NM Warehouse | Costco",1420 N RENAISSANCE BLVD NE,ALBUQUERQUE,NM,87107-7008
667,"Se Albuquerque Albuquerque, NM Warehouse | Costco",500 EUBANK BLVD SE,ALBUQUERQUE,NM,87123-3338
1016,"Nw Albuquerque Albuquerque, NM Warehouse | Costco",9955 COORS BYPASS NW,ALBUQUERQUE,NM,87114-6196
1115,"Mt Vernon Alexandria, VA Warehouse | Costco",7940 RICHMOND HWY,ALEXANDRIA,VA,22306-7826
428,"Alhambra, CA Warehouse | Costco",2207 W COMMONWEALTH AVE,ALHAMBRA,CA,91803-1302
1739,"Allen, TX Warehouse | Costco",1067 SH 121,ALLEN,TX,75013-6025
1211,"Allentown, PA Warehouse | Costco",791 N KROCKS RD,ALLENTOWN,PA,18106-9046
9,"Aloha, OR Warehouse | Costco",15901 SW JENKINS RD,ALOHA,OR,97006-5045
743,"Alpharetta, GA Warehouse | Costco",2855 JORDAN CT,ALPHARETTA,GA,30004-3869
183,"Altamonte Springs, FL Warehouse | Costco",741 ORANGE AVE,ALTAMONTE SPRINGS,FL,32714-3031
1685,"Amherst, NY Warehouse | Costco",4230 RIDGE LEA ROAD,AMHERST,NY,14226-2761
10,"Anchorage, AK Warehouse | Costco",330 W DIMOND BLVD,ANCHORAGE,AK,99515-1903
63,"Ne Anchorage Anchorage, AK Warehouse | Costco",4125 DEBARR RD,ANCHORAGE,AK,99508-3115
1661,"Anchorage Business Center Anchorage, AK Warehouse | Costco",1074 N MULDOON RD,ANCHORAGE,AK,99504-2073
1699,"Anchorage Home Showroom Anchorage, AK Warehouse | Costco",8600 KING STREET,ANCHORAGE,AK,99515-0000
1630,"Ankeny, IA Warehouse | Costco",4000 NE SPECTRUM DRIVE,ANKENY,IA,50021-6242
1106,"Pittsfield Township Ann Arbor, MI Warehouse | Costco",771 AIRPORT BLVD,ANN ARBOR,MI,48108-3601
1002,"Antioch, CA Warehouse | Costco",2201 VERNE ROBERTS CIR,ANTIOCH,CA,94509-7911
1206,"Apex, NC Warehouse | Costco",1021 PINE PLAZA DR,APEX,NC,27523-6406
233,"Pentagon City Arlington, VA Warehouse | Costco",1200 S FERN ST,ARLINGTON,VA,22202-2862
668,"Arlington, TX Warehouse | Costco",600 W ARBROOK BLVD,ARLINGTON,TX,76014-3702
676,"Arvada, CO Warehouse | Costco",5195 WADSWORTH BLVD,ARVADA,CO,80002-4617
1621,"Athens, GA Warehouse | Costco",5550 PARKWAY BLVD,ATHENS,GA,30606
188,"Perimeter Atlanta, GA Warehouse | Costco",6350 PEACHTREE DUNWOODY RD,ATLANTA,GA,30328-4527
631,"Cumberland Mall Atlanta, GA Warehouse | Costco",2900 CUMBERLAND MALL SE,ATLANTA,GA,30339-8107
1084,"Brookhaven Atlanta, GA Warehouse | Costco",500 BROOKHAVEN AVE NE,ATLANTA,GA,30319-3291
376,"Auburn Hills, MI Warehouse | Costco",400 BROWN RD,AUBURN HILLS,MI,48326-1305
1102,"Augusta, GA Warehouse | Costco",825 CABELA DR,AUGUSTA,GA,30909-8202
439,"Aurora, CO Warehouse | Costco",1471 S HAVANA ST,AURORA,CO,80012-4013
641,"S Austin Austin, TX Warehouse | Costco",4301 W WILLIAM CANNON DR BLDG A STE 100,AUSTIN,TX,78749-1499
681,"Austin, TX Warehouse | Costco",10401 RESEARCH BLVD,AUSTIN,TX,78759-5712
303,"Avon Ma Avon, MA Warehouse | Costco",120 STOCKWELL DR,AVON,MA,02322-1149
343,"Avon Oh Avon, OH Warehouse | Costco",35804 DETROIT ROAD,AVON,OH,44011-1681
1577,"Avon In Avon, IN Warehouse | Costco",8816 DR. CHARLES NELSON DRIVE,AVON,IN,46123-6457
691,"Avondale, AZ Warehouse | Costco",10000 W MCDOWELL RD,AVONDALE,AZ,85392-4803
412,"Azusa, CA Warehouse | Costco",1220 W FOOTHILL BLVD,AZUSA,CA,91702-2819
643,"Sw Bakersfield Bakersfield, CA Warehouse | Costco",4900 PANAMA LN,BAKERSFIELD,CA,93313-3479
688,"Bakersfield, CA Warehouse | Costco",3800 ROSEDALE HWY,BAKERSFIELD,CA,93308-6235
208,"White Marsh Baltimore, MD Warehouse | Costco",9919 PULASKI HWY,BALTIMORE,MD,21220-1411
1172,"Baton Rouge, LA Warehouse | Costco",10000 DAWNADELE AVE BLDG A,BATON ROUGE,LA,70809-2591
1122,"Baxter, MN Warehouse | Costco",13650 ELDER DR,BAXTER,MN,56425-8818
363,"E Bayamon Bayamon, PR Warehouse | Costco",125 CALLE A,BAYAMON,PR,00959-1900
364,"W Bayamon Bayamon, PR Warehouse | Costco","PR-2, KM 15.5",BAYAMON,PR,00959-5208
1334,"Bayonne, NJ Warehouse | Costco",21 GOLDSBOROUGH DR,BAYONNE,NJ,07002-5069
1162,"Bellevue, WI Warehouse | Costco",2355 COSTCO WAY,BELLEVUE,WI,54311-9206
1216,"Bellingham, WA Warehouse | Costco",4125 ARCTIC AVE,BELLINGHAM,WA,98226-9325
214,"Beltsville, MD Warehouse | Costco",10925 BALTIMORE AVE,BELTSVILLE,MD,20705-2117
1696,"Bend, OR Warehouse | Costco",62207 NW COSTCO DRIVE,BEND,OR,97703-8508
1644,"Billings, MT Warehouse | Costco",3880 ZOO DRIVE,BILLINGS,MT,59106-3963
1380,"Bismarck, ND Warehouse | Costco",1325 57TH AVE NE,BISMARCK,ND,58503-6581
1037,"Bloomfield, MI Warehouse | Costco",2343 S TELEGRAPH RD,BLOOMFIELD,MI,48302-0254
371,"Bloomingdale, IL Warehouse | Costco",505 W ARMY TRAIL RD,BLOOMINGDALE,IL,60108-1391
345,"Boca Raton, FL Warehouse | Costco",17800 CONGRESS AVE,BOCA RATON,FL,33487-1200
761,"Boise, ID Warehouse | Costco",2051 S COLE RD,BOISE,ID,83709-2815
1088,"Bolingbrook, IL Warehouse | Costco",830 E BOUGHTON RD,BOLINGBROOK,IL,60440-2355
1278,"Bonney Lake, WA Warehouse | Costco",9801 204TH AVE E,BONNEY LAKE,WA,98391-6559
1226,"Boston Heights, OH Warehouse | Costco",6720 BASS PRO DR,BOSTON HEIGHTS,OH,44236-1198
96,"Bozeman, MT Warehouse | Costco",2505 CATRON ST,BOZEMAN,MT,59718-7993
1364,"Bradenton, FL Warehouse | Costco",805 LIGHTHOUSE DRIVE,BRADENTON,FL,34212
358,"Brandon, FL Warehouse | Costco",10921 CAUSEWAY BLVD,BRANDON,FL,33511-1997
1039,"Brandywine, MD Warehouse | Costco",16006 CRAIN HWY,BRANDYWINE,MD,20613-8081
386,"Brentwood Tn Brentwood, TN Warehouse | Costco",98 SEABOARD LN,BRENTWOOD,TN,37027-2930
1662,"Brentwood Ca Brentwood, CA Warehouse | Costco",5151 HEIDORN RANCH RD,BRENTWOOD,CA,94513-0000
1785,"Brentwood Home Showroom Brentwood, TN Warehouse | Costco",98 SEABOARD LN,BRENTWOOD,TN,37027-2930
739,"Brick Township Brick, NJ Warehouse | Costco",465 ROUTE 70,BRICK,NJ,08723-4049
322,"Bridgewater, NJ Warehouse | Costco",325 PROMENADE BLVD,BRIDGEWATER,NJ,08807-3457
786,"Green Oak Township Brighton, MI Warehouse | Costco",6700 WHITMORE LAKE RD,BRIGHTON,MI,48116-2160
304,"Brookfield, CT Warehouse | Costco",200 FEDERAL RD,BROOKFIELD,CT,06804-2514
318,"Brooklyn, NY Warehouse | Costco",976 3RD AVE,BROOKLYN,NY,11232-2400
1653,"Buckeye, AZ Warehouse | Costco",1111 N. VERRADO WAY,BUCKEYE,AZ,85326-6795
366,"Mall Of Georgia Buford, GA Warehouse | Costco",1550 MALL OF GEORGIA BLVD,BUFORD,GA,30519-6551
677,"Burbank, CA Warehouse | Costco",1051 W BURBANK BLVD,BURBANK,CA,91506-1421
662,"Burlington Wa Burlington, WA Warehouse | Costco",1725 S BURLINGTON BLVD,BURLINGTON,WA,98233-3223
1087,"Burnsville, MN Warehouse | Costco",14050 BURNHAVEN DR,BURNSVILLE,MN,55337-4407
365,"Caguas Caguas Bairoa Ward, PR Warehouse | Costco","200 AVE RAFAEL CORDERO, PR#30",CAGUAS BAIROA WARD,PR,00725-4302
1680,"Camarillo, CA Warehouse | Costco",431 W. VENTURA BLVD,CAMARILLO,CA,93010-9122
1086,"E Vancouver Wa Camas, WA Warehouse | Costco",19610 SE 1ST ST,CAMAS,WA,98607-7472
1176,"Syracuse Camillus, NY Warehouse | Costco",120 TOWNSHIP BLVD,CAMILLUS,NY,13031-1659
462,"Carlsbad, CA Warehouse | Costco",951 PALOMAR AIRPORT RD,CARLSBAD,CA,92011-1110
127,"Carson City, NV Warehouse | Costco",700 OLD CLEAR CREEK RD,CARSON CITY,NV,89705-6853
1152,"Cedar Park Tx Cedar Park, TX Warehouse | Costco",4601 183A TOLL RD,CEDAR PARK,TX,78613-6310
1645,"Celina, TX Warehouse | Costco",3445 S. PRESTON RD,CELINA,TX,75009-3947
1185,"Centerville, OH Warehouse | Costco",5300 CORNERSTONE NORTH BLVD,CENTERVILLE,OH,45440-2268
1287,"Central Point, OR Warehouse | Costco",3075 HAMRICK ROAD,CENTRAL POINT,OR,97502-2844
1384,"Champaign, IL Warehouse | Costco",2002 N. NEIL ST,CHAMPAIGN,IL,61820-1808
736,"Chandler, AZ Warehouse | Costco",595 S GALLERIA WAY,CHANDLER,AZ,85226-4932
334,"Chantilly, VA Warehouse | Costco",14390 CHANTILLY CROSSING LN,CHANTILLY,VA,20151-2117
360,"Charleston, SC Warehouse | Costco",3050 ASHLEY TOWN CENTER DR,CHARLESTON,SC,29414-5664
359,"Charlotte, NC Warehouse | Costco",500 TYVOLA RD,CHARLOTTE,NC,28217-3504
1184,"Charlottesville, VA Warehouse | Costco",3171 DISTRICT AVE,CHARLOTTESVILLE,VA,22901-2784
1646,"Chaska, MN Warehouse | Costco",2 OAKRIDGE DRIVE,CHASKA,MN,55318-1030
1415,"Cherry Hill, NJ Warehouse | Costco",650 GARDEN PARK BLVD,CHERRY HILL,NJ,08002-4250
380,"Lincoln Park Chicago, IL Warehouse | Costco",2746 N CLYBOURN AVE,CHICAGO,IL,60614-1006
580,"Bedford Park Business Center Chicago, IL Warehouse | Costco",7300 S CICERO AVE,CHICAGO,IL,60629-5817
1107,"Chicago South Loop Chicago, IL Warehouse | Costco",1430 S ASHLAND AVE,CHICAGO,IL,60608-2040
1011,"Chico, CA Warehouse | Costco",2100 DR MLK JR PKWY,CHICO,CA,95928-4422
473,"Chino Hills, CA Warehouse | Costco",13111 PEYTON DR,CHINO HILLS,CA,91709-6002
460,"Rancho Del Rey Chula Vista, CA Warehouse | Costco",895 E H ST,CHULA VISTA,CA,91910-7807
781,"Chula Vista, CA Warehouse | Costco",1130 BROADWAY,CHULA VISTA,CA,91911-2707
384,"Deerfield Cincinnati, OH Warehouse | Costco",9691 WATERSTONE BLVD,CINCINNATI,OH,45249-8220
771,"Citrus Heights, CA Warehouse | Costco",7000 AUBURN BLVD,CITRUS HEIGHTS,CA,95621-4342
679,"City Of Industry, CA Warehouse | Costco",17550 CASTLETON ST,CITY OF INDUSTRY,CA,91748-1701
97,"Clackamas, OR Warehouse | Costco",13130 SE 84TH AVE,CLACKAMAS,OR,97015-9733
103,"Clarkston, WA Warehouse | Costco",301 5TH ST,CLARKSTON,WA,99403-1860
336,"Clearwater, FL Warehouse | Costco",2655 GULF TO BAY BLVD,CLEARWATER,FL,33759-4936
1649,"Clermont, FL Warehouse | Costco",4600 COLLINA TERRACE,CLERMONT,FL,34711
344,"Mayfield Heights Cleveland, OH Warehouse | Costco",1409 GOLDEN GATE BLVD,CLEVELAND,OH,44124-1808
306,"Clifton, NJ Warehouse | Costco",20 BRIDEWELL PL,CLIFTON,NJ,07014-1724
1360,"Clovis, CA Warehouse | Costco",2270 CLOVIS AVE,CLOVIS,CA,93612-3915
773,"Coeur D Alene Coeur D' Alene, ID Warehouse | Costco",355 E NEIDER AVE,COEUR D' ALENE,ID,83815-3723
314,"Colchester, VT Warehouse | Costco",218 LOWER MOUNTAIN VIEW DR,COLCHESTER,VT,05446-5830
1614,"College Station, TX Warehouse | Costco",4321 STATE HWY 6 SOUTH,COLLEGE STATION,TX,77845
1014,"E Colorado Springs Colorado Springs, CO Warehouse | Costco",5885 BARNES RD,COLORADO SPRINGS,CO,80922-3512
1030,"W Colorado Springs Colorado Springs, CO Warehouse | Costco",5050 N NEVADA AVE,COLORADO SPRINGS,CO,80918-8602
1801,"E Colorado Springs Home Showroom Colorado Springs, CO Warehouse | Costco",5885 BARNES RD,COLORADO SPRINGS,CO,80922-3512
1232,"Columbia Sc Columbia, SC Warehouse | Costco",507 PINEY GROVE RD,COLUMBIA,SC,29210-3405
632,"Columbus, OH Warehouse | Costco",1500 GEMINI PL,COLUMBUS,OH,43240-7002
1160,"Easton Oh Columbus, OH Warehouse | Costco",3888 STELZER RD,COLUMBUS,OH,43219-3044
240,"Commack, NY Warehouse | Costco",10 GARET PL,COMMACK,NY,11725-5421
569,"Commerce Business Center Commerce, CA Warehouse | Costco",6333 TELEGRAPH RD,COMMERCE,CA,90040-2513
341,"Commerce Township, MI Warehouse | Costco",3000 COMMERCE XING,COMMERCE TOWNSHIP,MI,48390-3082
663,"Concord, CA Warehouse | Costco",2400 MONUMENT BLVD,CONCORD,CA,94520-3105
1189,"The Woodlands Conroe, TX Warehouse | Costco",8185 HIGHWAY 242,CONROE,TX,77385-4365
1323,"Coral Springs, FL Warehouse | Costco",4621 CORAL RIDGE DR.,CORAL SPRINGS,FL,33076-2200
1111,"Coralville, IA Warehouse | Costco",2900 HEARTLAND DR,CORALVILLE,IA,52241-2740
352,"Ne Memphis Cordova, TN Warehouse | Costco",2431 N GERMANTOWN PKWY,CORDOVA,TN,38016-4494
432,"Corona, CA Warehouse | Costco",480 N MCKINLEY ST,CORONA,CA,92879-1291
1029,"Covington Wa Covington, WA Warehouse | Costco",27520 COVINGTON WAY SE,COVINGTON,WA,98042-9100
1670,"Covington La Covington, LA Warehouse | Costco",4001 PINNACLE PKWY,COVINGTON,LA,70433-6052
328,"Cranberry Township, PA Warehouse | Costco",1050 CRANBERRY SQUARE DR,CRANBERRY TOWNSHIP,PA,16066-6142
1175,"Cumming, GA Warehouse | Costco",1211 BALD RIDGE MARINA RD,CUMMING,GA,30041-8484
748,"Cypress Ca Cypress, CA Warehouse | Costco",5401 KATELLA AVE,CYPRESS,CA,90720-2809
1208,"Cypress Tx Cypress, TX Warehouse | Costco",26960 NW FREEWAY,CYPRESS,TX,77433-4934
655,"Dallas Business Center Dallas, TX Warehouse | Costco",8282 PARK LN,DALLAS,TX,75231-6023
1266,"Dallas, TX Warehouse | Costco",8055 CHURCHILL WAY,DALLAS,TX,75251-2149
1389,"Dallas Ga Dallas, GA Warehouse | Costco",1715 CHARLES HARDY PKWY,DALLAS,GA,30157
301,"Danvers, MA Warehouse | Costco",11 NEWBURY ST,DANVERS,MA,01923-1014
21,"Danville, CA Warehouse | Costco",3150 FOSTORIA WAY,DANVILLE,CA,94526-5553
1325,"Davenport, IA Warehouse | Costco",2790 E 53RD ST,DAVENPORT,IA,52807-3007
91,"Davie, FL Warehouse | Costco",1890 S UNIVERSITY DR,DAVIE,FL,33324-5808
1681,"Daytona Daytona Beach, FL Warehouse | Costco",150 PIT ROAD,DAYTONA BEACH,FL,32114-0025
319,"Dedham, MA Warehouse | Costco",200 LEGACY BLVD,DEDHAM,MA,02026-2653
650,"Denver Business Center Denver, CO Warehouse | Costco",400 S ZUNI ST,DENVER,CO,80223-1969
1652,"Ne Denver Denver, CO Warehouse | Costco",4741 N AIRPORT WAY,DENVER,CO,80239-5999
187,"Gwinnett Duluth, GA Warehouse | Costco",3980 VENTURE DR,DULUTH,GA,30096-5077
1422,"Duluth, MN Warehouse | Costco",4611 W ARROWHEAD RD.,DULUTH,MN,55811-4030
636,"Duncanville, TX Warehouse | Costco",250 W HIGHWAY 67,DUNCANVILLE,TX,75137-4415
249,"Durham, NC Warehouse | Costco",1510 N POINTE DR,DURHAM,NC,27705-3405
1363,"Eagan, MN Warehouse | Costco",995 BLUE GENTIAN RD,EAGAN,MN,55121-1542
244,"East Hanover, NJ Warehouse | Costco",156 SR-10 WEST,EAST HANOVER,NJ,07936-2107
1277,"East Lansing, MI Warehouse | Costco",2540 E SAGINAW HIGHWAY,EAST LANSING,MI,48823-9719
1372,"E Lyme East Lyme, CT Warehouse | Costco",284 FLANDERS RD,EAST LYME,CT,06333-1710
1126,"East Peoria, IL Warehouse | Costco",301 W WASHINGTON ST,EAST PEORIA,IL,61611-2036
112,"Wenatchee East Wenatchee, WA Warehouse | Costco",375 HIGHLINE DR,EAST WENATCHEE,WA,98802-5344
1317,"Eastvale, CA Warehouse | Costco",5030 HAMNER AVE,EASTVALE,CA,91752-1009
1664,"Eau Claire, WI Warehouse | Costco",1420 BLACK AVENUE,EAU CLAIRE,WI,54703-1354
783,"Eden Prairie, MN Warehouse | Costco",12011 TECHNOLOGY DR,EDEN PRAIRIE,MN,55344-3620
323,"Edison, NJ Warehouse | Costco",205 VINEYARD RD,EDISON,NJ,08817-4785
121,"El Centro, CA Warehouse | Costco",2030 N IMPERIAL AVE,EL CENTRO,CA,92243-1323
768,"El Paso, TX Warehouse | Costco",6101 GATEWAY BLVD W STE 1,EL PASO,TX,79925-3416
1274,"Elk Grove, CA Warehouse | Costco",7400 ELK GROVE BLVD,ELK GROVE,CA,95757-6299
1000,"Columbia Md Elkridge, MD Warehouse | Costco",6675 MARIE CURIE DR,ELKRIDGE,MD,21075-6457
780,"Enfield, CT Warehouse | Costco",75 FRESHWATER BLVD,ENFIELD,CT,06082-3854
17,"Eugene, OR Warehouse | Costco",2828 CHAD DR,EUGENE,OR,97408-7336
125,"Eureka, CA Warehouse | Costco",1006 W WABASH AVE,EUREKA,CA,95501-2121
1331,"Evansville, IN Warehouse | Costco",1201 CROSS POINTE PL,EVANSVILLE,IN,47715-9168
114,"Everett Wa Everett, WA Warehouse | Costco",10200 19TH AVE SE,EVERETT,WA,98208-4256
333,"Everett Ma Everett, MA Warehouse | Costco",2 MYSTIC VIEW RD,EVERETT,MA,02149-2428
1342,"Fairbanks, AK Warehouse | Costco",48 COLLEGE RD,FAIRBANKS,AK,99701-1706
204,"Fairfax, VA Warehouse | Costco",4725 W OX RD,FAIRFAX,VA,22030-6125
453,"Fairfield, CA Warehouse | Costco",5101 BUSINESS CENTER DR,FAIRFIELD,CA,94534-1624
61,"Federal Way, WA Warehouse | Costco",35100 ENCHANTED PKWY S,FEDERAL WAY,WA,98003-8314
767,"Fife Business Center Fife, WA Warehouse | Costco",3900 20TH ST E,FIFE,WA,98424-1818
1236,"Flemington, NJ Warehouse | Costco",2A WALTER E FORAN BLVD N,FLEMINGTON,NJ,8822
1716,"Genesee County Flint, MI Warehouse | Costco",6200 LAFONTAINE WAY,FLINT,MI,48507-4905
1197,"Florence, KY Warehouse | Costco",800 HEIGHTS BLVD,FLORENCE,KY,41042-1415
765,"Folsom, CA Warehouse | Costco",1800 CAVITT DR,FOLSOM,CA,95630-6235
627,"Fontana, CA Warehouse | Costco",16505 SIERRA LAKES PKWY,FONTANA,CA,92336-1256
1771,"Forney, TX Warehouse | Costco",150 FM 460,FORNEY,TX,75126-3556
351,"Fort Myers, FL Warehouse | Costco",7171 CYPRESS LAKE DR,FORT MYERS,FL,33907-6521
621,"Estero Fort Myers, FL Warehouse | Costco",10088 GULF CENTER DR,FORT MYERS,FL,33913-8961
1161,"Fort Wayne, IN Warehouse | Costco",5110 VALUE DR,FORT WAYNE,IN,46808-4048
489,"Fort Worth, TX Warehouse | Costco",5300 OVERTON RIDGE BLVD,FORT WORTH,TX,76132-3301
1173,"N Fort Worth Fort Worth, TX Warehouse | Costco",8900 TEHAMA RIDGE PKWY,FORT WORTH,TX,76177-2004
147,"Foster City, CA Warehouse | Costco",1001 METRO CENTER BLVD,FOSTER CITY,CA,94404-2177
411,"Fountain Valley, CA Warehouse | Costco",17900 NEWHOPE ST,FOUNTAIN VALLEY,CA,92708-5422
330,"Frederick, MD Warehouse | Costco",10 MONOCACY BLVD,FREDERICK,MD,21704-7256
340,"Fredericksburg, VA Warehouse | Costco",3102 PLANK RD # 600,FREDERICKSBURG,VA,22407-4900
778,"Fremont, CA Warehouse | Costco",43621 PACIFIC COMMONS BLVD,FREMONT,CA,94538-3809
31,"Fresno, CA Warehouse | Costco",4500 W SHAW AVE,FRESNO,CA,93722-6200
657,"N Fresno Fresno, CA Warehouse | Costco",7100 N ABBY ST,FRESNO,CA,93720-2920
1097,"Frisco, TX Warehouse | Costco",11220 DALLAS PKWY,FRISCO,TX,75033-4102
1744,"Fruitport, MI Warehouse | Costco",6110 S HARVEY STREET,FRUITPORT,MI,49444-0000
418,"Fullerton, CA Warehouse | Costco",900 S HARBOR BLVD,FULLERTON,CA,92832-3025
213,"Gaithersburg, MD Warehouse | Costco",880 RUSSELL AVE,GAITHERSBURG,MD,20879-3506
126,"Garden Grove, CA Warehouse | Costco",11000 GARDEN GROVE BLVD,GARDEN GROVE,CA,92843-1206
1385,"Georgetown, TX Warehouse | Costco",2201A N IH 35,GEORGETOWN,TX,78628
624,"Gig Harbor, WA Warehouse | Costco",10990 HARBOR HILL DR NW,GIG HARBOR,WA,98332-8945
481,"Gilbert, AZ Warehouse | Costco",1415 N ARIZONA AVE,GILBERT,AZ,85233-1616
644,"Se Gilbert Gilbert, AZ Warehouse | Costco",2887 S MARKET ST,GILBERT,AZ,85295-1303
760,"Gilroy, CA Warehouse | Costco",7251 CAMINO ARROYO,GILROY,CA,95020-7340
205,"W Henrico Glen Allen, VA Warehouse | Costco",9650 W BROAD ST,GLEN ALLEN,VA,23060-4115
203,"Glen Burnie, MD Warehouse | Costco",575 E ORDNANCE RD,GLEN BURNIE,MD,21060-6555
1114,"Concordville Glen Mills, PA Warehouse | Costco",700 EVERGREEN DR,GLEN MILLS,PA,19342-2102
1078,"Woodmore Towne Centre Glenarden, MD Warehouse | Costco",2400 FIVE LEES LN,GLENARDEN,MD,20706-1617
674,"Glendale, AZ Warehouse | Costco",17550 N 79TH AVE,GLENDALE,AZ,85308-8711
348,"Glenview, IL Warehouse | Costco",2900 PATRIOT BLVD,GLENVIEW,IL,60026-8046
474,"Goleta, CA Warehouse | Costco",7095 MARKET PLACE DR,GOLETA,CA,93117-5905
628,"Grafton, WI Warehouse | Costco",950 PORT WASHINGTON RD,GRAFTON,WI,53024-9201
1222,"Grand Chute, WI Warehouse | Costco",5401 W. INTEGRITY WAY,GRAND CHUTE,WI,54913-8602
784,"Grand Rapids, MI Warehouse | Costco",5100 28TH ST SE,GRAND RAPIDS,MI,49512-2049
1183,"Mishawaka Granger, IN Warehouse | Costco",625 E UNIVERSITY DR,GRANGER,IN,46530-7381
339,"Greensboro, NC Warehouse | Costco",4201 W WENDOVER AVE,GREENSBORO,NC,27407-1908
1005,"Greenville, SC Warehouse | Costco",1021 WOODRUFF RD,GREENVILLE,SC,29607-4108
637,"Gypsum, CO Warehouse | Costco",170 COOLEY MESA RD,GYPSUM,CO,81637-9707
729,"Hackensack Business Center Hackensack, NJ Warehouse | Costco",80 S RIVER ST,HACKENSACK,NJ,07601-6954
1244,"Hanford, CA Warehouse | Costco",2395 E LACEY BLVD,HANFORD,CA,93230-4740
325,"Arundel Mills Hanover, MD Warehouse | Costco",7077 ARUNDEL MILLS CIR,HANOVER,MD,21076-1387
327,"Harrisburg, PA Warehouse | Costco",5125 JONESTOWN RD STE 221,HARRISBURG,PA,17112-2983
238,"Harrisonburg, VA Warehouse | Costco",1830 RESERVOIR ST,HARRISONBURG,VA,22801-8742
564,"Hawthorne Business Center Hawthorne, CA Warehouse | Costco",12530 PRAIRIE AVE,HAWTHORNE,CA,90250-4638
671,"Hawthorne, CA Warehouse | Costco",14501 HINDRY AVENUE,HAWTHORNE,CA,90250-6748
823,"Hayward Business Center Hayward, CA Warehouse | Costco",22330 HATHAWAY AVE,HAYWARD,CA,94541-4861
1061,"Hayward, CA Warehouse | Costco",28505 HESPERIAN BLVD,HAYWARD,CA,94545-5008
222,"Hazlet, NJ Warehouse | Costco",2835 ROUTE 35 N,HAZLET,NJ,07730-1516
633,"Helena, MT Warehouse | Costco",2195 E CUSTER AVE,HELENA,MT,59602-1217
673,"Henderson, NV Warehouse | Costco",791 MARKS ST,HENDERSON,NV,89014-8601
1320,"Sw Henderson Henderson, NV Warehouse | Costco",3411 SAINT ROSE PKWY,HENDERSON,NV,89052-4570
1659,"Hendersonville, TN Warehouse | Costco",1101 FOREST RETREAT RD,HENDERSONVILLE,TN,37075
1715,"Highland, CA Warehouse | Costco",28000 GREENSPOT RD,HIGHLAND,CA,92346-4450
692,"Hillsboro, OR Warehouse | Costco",1255 NE 48TH AVE,HILLSBORO,OR,97124-5008
230,"Holbrook, NY Warehouse | Costco",125 BEACON DR,HOLBROOK,NY,11741-4309
649,"Homestead, PA Warehouse | Costco",501 WATERFRONT DR W,HOMESTEAD,PA,15120-5009
120,"Hawaii Kai Honolulu, HI Warehouse | Costco",333 A KEAHOLE STREET,HONOLULU,HI,96825-3406
687,"Iwilei Honolulu, HI Warehouse | Costco",525 ALAKAWA ST,HONOLULU,HI,96817-5764
362,"Hoover, AL Warehouse | Costco",3650 GALLERIA CIR,HOOVER,AL,35244-2346
675,"Willowbrook Houston, TX Warehouse | Costco",12405 N GESSNER RD,HOUSTON,TX,77064-1170
680,"Bunker Hill Houston, TX Warehouse | Costco",1150 BUNKER HILL RD,HOUSTON,TX,77055-6208
1018,"Galleria Houston, TX Warehouse | Costco",3836 RICHMOND AVE,HOUSTON,TX,77027-5802
1228,"Humble, TX Warehouse | Costco",21802 TOWNSEN BLVD W.,HUMBLE,TX,77338-1594
1110,"Huntington Beach, CA Warehouse | Costco",7562 CENTER AVE,HUNTINGTON BEACH,CA,92647-3002
356,"Huntsville, AL Warehouse | Costco",1205 N. MEMORIAL PKWY,HUNTSVILLE,AL,35801-5930
1379,"Idaho Falls, ID Warehouse | Costco",2495 E. LINCOLN ROAD,IDAHO FALLS,ID,83401-2203
373,"Independence, MO Warehouse | Costco",19040 E VALLEY VIEW PKWY,INDEPENDENCE,MO,64055-7004
1714,"Indian Land, SC Warehouse | Costco",8800 CHARLOTTE HIGHWAY,INDIAN LAND,SC,29707-0000
346,"Castleton Indianapolis, IN Warehouse | Costco",6110 E 86TH ST,INDIANAPOLIS,IN,46250-3507
347,"Fortune Park Indianapolis, IN Warehouse | Costco",9010 MICHIGAN RD,INDIANAPOLIS,IN,46268-3184
1227,"S Indianapolis Indianapolis, IN Warehouse | Costco",4628 E COUNTY LINE RD,INDIANAPOLIS,IN,46237-9105
769,"Inglewood, CA Warehouse | Costco",3560 W CENTURY BLVD,INGLEWOOD,CA,90303-1201
454,"Irvine, CA Warehouse | Costco",115 TECHNOLOGY DR,IRVINE,CA,92618-2408
110,"Issaquah, WA Warehouse | Costco",1801 10TH AVE NW,ISSAQUAH,WA,98027-5384
1294,"W Jacksonville Jacksonville, FL Warehouse | Costco",8000 PARRAMORE RD,JACKSONVILLE,FL,32244-5704
357,"E Jacksonville Jacksonville, FL Warehouse | Costco",4901 GATE PKWY,JACKSONVILLE,FL,32246-4405
107,"Juneau, AK Warehouse | Costco",5225 COMMERCIAL BLVD,JUNEAU,AK,99801-7210
119,"Maui Kahului, HI Warehouse | Costco",540 HALEAKALA HWY,KAHULUI,HI,96732-2302
140,"Kona Kailua Kona, HI Warehouse | Costco",73-5600 MAIAU ST,KAILUA KONA,HI,96740-2630
1191,"Kalamazoo, MI Warehouse | Costco",5100 CENTURY AVE,KALAMAZOO,MI,49006-5714
1746,"Kalispell, MT Warehouse | Costco",345 CASCADE LOOP,KALISPELL,MT,59901-9581
1268,"N Kansas City Kansas City, MO Warehouse | Costco",1600 NW 88TH ST,KANSAS CITY,MO,64155-2410
1038,"Kapolei, HI Warehouse | Costco",4589 KAPOLEI PKWY,KAPOLEI,HI,96707-1879
1167,"W Katy Katy, TX Warehouse | Costco",23645 KATY FREEWAY,KATY,TX,77494-7221
189,"Town Center Kennesaw, GA Warehouse | Costco",645 BARRETT PARKWAY NW,KENNESAW,GA,30144-4922
486,"Kennewick, WA Warehouse | Costco",8505 W. GAGE BLVD,KENNEWICK,WA,99336-8120
245,"King Of Prussia, PA Warehouse | Costco",201 ALLENDALE RD,KING OF PRUSSIA,PA,19406-1634
8,"Kirkland, WA Warehouse | Costco",8629 120TH AVE NE,KIRKLAND,WA,98033-5822
1116,"Farragut Knoxville, TN Warehouse | Costco",10745 KINGSTON PIKE,KNOXVILLE,TN,37934-3002
1629,"Kyle, TX Warehouse | Costco",19086 IH 35,KYLE,TX,78640-3210
777,"La Habra, CA Warehouse | Costco",101 N BEACH BLVD,LA HABRA,CA,90631-4468
469,"La Mesa, CA Warehouse | Costco",8125 FLETCHER PKWY,LA MESA,CA,91942-2934
638,"La Quinta, CA Warehouse | Costco",79795 HIGHWAY 111,LA QUINTA,CA,92253-4756
1237,"La Vista, NE Warehouse | Costco",12515 PORTSIDE PARKWAY,LA VISTA,NE,68128-5622
740,"Lacey, WA Warehouse | Costco",1470 MARVIN RD NE,LACEY,WA,98516-3870
1201,"Lafayette, LA Warehouse | Costco",201 MEADOW FARM RD,LAFAYETTE,LA,70508-7277
28,"Laguna Niguel, CA Warehouse | Costco",27972 CABOT RD,LAGUNA NIGUEL,CA,92677-1211
690,"Laguna Marketplace Laguna Niguel, CA Warehouse | Costco",27220 HEATHER RIDGE RD,LAGUNA NIGUEL,CA,92677-3418
746,"Lake Elsinore, CA Warehouse | Costco",29315 CENTRAL AVE,LAKE ELSINORE,CA,92532-2212
774,"Lake In The Hills, IL Warehouse | Costco",250 N RANDALL RD,LAKE IN THE HILLS,IL,60156-5943
1588,"Lake Stevens, WA Warehouse | Costco",9210 24TH STREET SE,LAKE STEVENS,WA,98258-8703
378,"Lake Zurich, IL Warehouse | Costco",680 S RAND RD,LAKE ZURICH,IL,60047-3409
1050,"Lakewood, CA Warehouse | Costco",340 LAKEWOOD CENTER MALL,LAKEWOOD,CA,90712-2409
317,"Lancaster Pa Lancaster, PA Warehouse | Costco",1875 HEMPSTEAD RD,LANCASTER,PA,17601-5671
762,"Lancaster Ca Lancaster, CA Warehouse | Costco",1141 W AVENUE L,LANCASTER,CA,93534-7077
180,"Lantana, FL Warehouse | Costco",1873 LANTANA RD,LANTANA,FL,33462-2601
563,"Las Vegas Business Center Las Vegas, NV Warehouse | Costco",222 S MARTIN L KING BLVD,LAS VEGAS,NV,89106-4305
685,"Summerlin Las Vegas, NV Warehouse | Costco",801 S PAVILION CENTER DR,LAS VEGAS,NV,89144-4566
737,"Centennial Las Vegas, NV Warehouse | Costco",6555 N. DECATUR BLVD,LAS VEGAS,NV,89131-2796
1709,"Spring Valley Las Vegas, NV Warehouse | Costco",6880 S BUFFALO DR,LAS VEGAS,NV,89113-2384
310,"Lawrence, NY Warehouse | Costco",605 ROCKAWAY TPKE,LAWRENCE,NY,11559-1047
1836,"Lawrence, KS Warehouse | Costco",6200 MERCATO DRIVE,LAWRENCE,KS,66049-5232
1199,"Princeton Lawrence Township, NJ Warehouse | Costco",4100 QUAKERBRIDGE RD,LAWRENCE TOWNSHIP,NJ,08648-4702
1838,"Lees Summit, MO Warehouse | Costco",10 SE OLDHAM PARKWAY,LEES SUMMIT,MO,64081-2986
337,"Leesburg, VA Warehouse | Costco",1300 EDWARDS FERRY RD NE,LEESBURG,VA,20176-3355
733,"Lehi, UT Warehouse | Costco",198 N 1200 E,LEHI,UT,84043-2294
349,"Lenexa, KS Warehouse | Costco",9350 MARSHALL DR,LENEXA,KS,66215-3845
683,"Lewisville, TX Warehouse | Costco",851 STATE HIGHWAY 121 BYP,LEWISVILLE,TX,75067-4158
1156,"Lexington, KY Warehouse | Costco",1500 FITZGERALD CT,LEXINGTON,KY,40509-8307
1767,"Liberty Hill, TX Warehouse | Costco",595 US 183,LIBERTY HILL,TX,78642-6426
1632,"Liberty Township, OH Warehouse | Costco",7135 VETERANS BOULEVARD,LIBERTY TOWNSHIP,OH,45069-3771
640,"Kauai Lihue, HI Warehouse | Costco",4300 NUHOU ST.,LIHUE,HI,96766-8002
1285,"Lincoln, NE Warehouse | Costco",1620 PINE LAKE ROAD,LINCOLN,NE,68512-3612
1658,"Marysville Ca Linda, CA Warehouse | Costco",1214 N BEALE RD,LINDA,CA,95901-6283
1442,"Little Rock, AR Warehouse | Costco",16901 CHENAL PARKWAY,LITTLE ROCK,AR,72223
443,"Sw Denver Littleton, CO Warehouse | Costco",7900 W QUINCY AVE,LITTLETON,CO,80123-1350
468,"Douglas County Littleton, CO Warehouse | Costco",8686 PARK MEADOWS CENTER DR,LITTLETON,CO,80124-5129
146,"Livermore, CA Warehouse | Costco",2800 INDEPENDENCE DR,LIVERMORE,CA,94551-7628
390,"Middlebelt Livonia, MI Warehouse | Costco",13700 MIDDLEBELT RD,LIVONIA,MI,48150-2215
391,"Haggerty Livonia, MI Warehouse | Costco",20000 HAGGERTY RD,LIVONIA,MI,48152-1011
1091,"Lodi, CA Warehouse | Costco",2680 REYNOLDS RANCH PKWY,LODI,CA,95240-6848
1633,"Logan, UT Warehouse | Costco",1160 N 1000 W,LOGAN,UT,84321-6846
243,"Queens Long Island City, NY Warehouse | Costco",3250 VERNON BLVD,LONG ISLAND CITY,NY,11106-4927
1628,"Longmont, CO Warehouse | Costco",205 EAST KEN PRATT BLVD,LONGMONT,CO,80501-8500
1371,"Loomis, CA Warehouse | Costco",4101 SIERRA COLLEGE BLVD,LOOMIS,CA,95650-6801
130,"Los Feliz Los Angeles, CA Warehouse | Costco",2901 LOS FELIZ BLVD,LOS ANGELES,CA,90039-1502
634,"Ne Louisville Louisville, KY Warehouse | Costco",5020 NORTON HEALTHCARE BLVD,LOUISVILLE,KY,40241-2835
1238,"Louisville, KY Warehouse | Costco",3408 BARDSTOWN RD,LOUISVILLE,KY,40218-4608
1353,"Loves Park, IL Warehouse | Costco",5000 STADIUM DRIVE,LOVES PARK,IL,61111-2301
1163,"Lubbock Tx Lubbock, TX Warehouse | Costco",6020 34TH ST,LUBBOCK,TX,79407-3102
1249,"Wesley Chapel Lutz, FL Warehouse | Costco",2225 GRAND CYPRESS DR,LUTZ,FL,33559-6797
115,"Lynnwood Business Center Lynnwood, WA Warehouse | Costco",19105 HIGHWAY 99,LYNNWOOD,WA,98036-5228
1190,"Lynnwood, WA Warehouse | Costco",18109 33RD AVE W,LYNNWOOD,WA,98037-4840
1712,"Madison, AL Warehouse | Costco",8094 HIGHWAY 72 WEST,MADISON,AL,35758-9567
393,"Madison Heights, MI Warehouse | Costco",30550 STEPHENSON HWY,MADISON HEIGHTS,MI,48071-1611
225,"Manassas, VA Warehouse | Costco",10701 SUDLEY MANOR DR,MANASSAS,VA,20109-2845
1060,"Manchester Mo Manchester, MO Warehouse | Costco",301 HIGHLANDS BLVD DRIVE,MANCHESTER,MO,63011-4385
1031,"Manteca, CA Warehouse | Costco",2440 DANIELS ST,MANTECA,CA,95337-6745
648,"Maple Grove, MN Warehouse | Costco",11330 FOUNTAINS DR,MAPLE GROVE,MN,55369-7200
1021,"Maplewood, MN Warehouse | Costco",1431 BEAM AVE,MAPLEWOOD,MN,55109-1064
479,"Culver City Marina Del Rey, CA Warehouse | Costco",13463 WASHINGTON BLVD,MARINA DEL REY,CA,90292-5658
642,"Marysville Wa Marysville, WA Warehouse | Costco",16616 TWIN LAKES AVE,MARYSVILLE,WA,98271-4701
367,"Matthews, NC Warehouse | Costco",2125 MATTHEWS TOWNSHIP PKWY,MATTHEWS,NC,28105-5766
1675,"Stockbridge Mcdonough, GA Warehouse | Costco",2245 JODECO ROAD,MCDONOUGH,GA,30253
1284,"Mckinney, TX Warehouse | Costco",3650 W UNIVERSITY DR,MCKINNEY,TX,75071-2934
1719,"Mechanicsburg, PA Warehouse | Costco",6719 CARLISLE PIKE,MECHANICSBURG,PA,17050-1712
1450,"Melbourne, FL Warehouse | Costco",4305 PINEDA CAUSEWAY,MELBOURNE,FL,32940
1085,"Melrose Park, IL Warehouse | Costco",8400 W NORTH AVE,MELROSE PARK,IL,60160-1607
237,"Melville, NY Warehouse | Costco",625 BROADHOLLOW RD,MELVILLE,NY,11747-5006
353,"Se Memphis Memphis, TN Warehouse | Costco",3775 HACKS CROSS RD,MEMPHIS,TN,38125-2302
1209,"Menomonee Falls, WI Warehouse | Costco",W162N9235 PERSHING AVE,MENOMONEE FALLS,WI,53051-4026
142,"Merced, CA Warehouse | Costco",1445 R ST,MERCED,CA,95340-5850
1343,"Meridian, ID Warehouse | Costco",3403 W. CHINDEN BLVD,MERIDIAN,ID,83646-1117
370,"Merrillville, IN Warehouse | Costco",1310 E 79TH AVE,MERRILLVILLE,IN,46410-5768
1028,"Mesa, AZ Warehouse | Costco",1444 S SOSSAMAN RD,MESA,AZ,85209-3400
1074,"Mettawa, IL Warehouse | Costco",25901 RIVERWOODS RD,METTAWA,IL,60045-3403
1023,"Kendall Miami, FL Warehouse | Costco",13450 SW 120TH ST,MIAMI,FL,33186-7393
1229,"Miami, FL Warehouse | Costco",7795 WEST FLAGLER STREET,MIAMI,FL,33144-2359
181,"Miami Lakes, FL Warehouse | Costco",16580 NW 59TH AVE,MIAMI LAKES,FL,33014-5611
1020,"Middleton, WI Warehouse | Costco",2150 DEMING WAY,MIDDLETON,WI,53562-5507
1420,"Midland, MI Warehouse | Costco",4816 BAY CITY RD,MIDLAND,MI,48642-6310
1756,"Midland Tx Midland, TX Warehouse | Costco",1901 KIRKLAND DRIVE,MIDLAND,TX,79707-2035
312,"Milford, CT Warehouse | Costco",1718 BOSTON POST RD,MILFORD,CT,06460-2718
372,"Coon Rapids Minneapolis, MN Warehouse | Costco",12547 RIVERDALE BLVD NW,MINNEAPOLIS,MN,55448-6708
652,"Minneapolis Business Center Minneapolis, MN Warehouse | Costco",3311 BROADWAY ST NE,MINNEAPOLIS,MN,55413-4553
67,"Missoula, MT Warehouse | Costco",3220 N RESERVE ST,MISSOULA,MT,59808-1556
1192,"Mobile, AL Warehouse | Costco",1450 TINGLE CIRCLE WEST,MOBILE,AL,36606-2632
661,"Modesto, CA Warehouse | Costco",3801 PELANDALE AVE,MODESTO,CA,95356-8300
686,"Montclair, CA Warehouse | Costco",9404 CENTRAL AVE,MONTCLAIR,CA,91763-2421
1318,"Monterey Park, CA Warehouse | Costco",2000 MARKET PLACE DR,MONTEREY PARK,CA,91755-7402
1009,"Montgomery, AL Warehouse | Costco",8251 EASTCHASE PKWY,MONTGOMERY,AL,36117-7033
1444,"Moore, OK Warehouse | Costco",2651 S. TELEPHONE RD,MOORE,OK,73160-0008
1333,"Mooresville, NC Warehouse | Costco",392 TALBERT RD,MOORESVILLE,NC,28117-7390
455,"Moreno Valley, CA Warehouse | Costco",12700 DAY ST,MORENO VALLEY,CA,92553-7521
1093,"Marlboro Morganville, NJ Warehouse | Costco",18 ROUTE 9 NORTH,MORGANVILLE,NJ,07751-1526
579,"Morrow Business Center Morrow, GA Warehouse | Costco",1700 MOUNT ZION RD,MORROW,GA,30260-3014
749,"Mt Laurel Mount Laurel, NJ Warehouse | Costco",100 CENTERTON RD,MOUNT LAUREL,NJ,08054-6103
1319,"Mt Pleasant Mount Pleasant, SC Warehouse | Costco",3525 PARK AVENUE BLVD,MOUNT PLEASANT,SC,29466-7242
779,"Mt Prospect Mount Prospect, IL Warehouse | Costco",999 N ELMHURST RD,MOUNT PROSPECT,IL,60056-1133
143,"Mountain View, CA Warehouse | Costco",1000 N RENGSTORFF AVE,MOUNTAIN VIEW,CA,94043-1716
1686,"Mt Juliet Mt. Juliet, TN Warehouse | Costco",100 LEGACY POINTE BLVD.,MT. JULIET,TN,37122-2497
1448,"Murfreesboro, TN Warehouse | Costco",1524 BEASIE RD,MURFREESBORO,TN,37128-2945
764,"Murray, UT Warehouse | Costco",5201 S INTERMOUNTAIN DR,MURRAY,UT,84107-6024
1390,"Murrieta, CA Warehouse | Costco",35875 WARM SPRINGS PARKWAY,MURRIETA,CA,92563-8801
338,"Myrtle Beach, SC Warehouse | Costco",1021 OAK FOREST LN,MYRTLE BEACH,SC,29577-9795
734,"Nampa, ID Warehouse | Costco",16700 N MARKET PLACE BLVD,NAMPA,ID,83687-7909
305,"Nanuet, NY Warehouse | Costco",50 OVERLOOK BLVD,NANUET,NY,10954-5290
1679,"Napa, CA Warehouse | Costco",280 RIVERSOUND WAY,NAPA,CA,94558-6357
342,"Naperville, IL Warehouse | Costco",1320 S ROUTE 59,NAPERVILLE,IL,60564-5944
1443,"Ne Naperville Naperville, IL Warehouse | Costco",1255 EAST OGDEN AVE,NAPERVILLE,IL,60563-0000
354,"Naples, FL Warehouse | Costco",6275 NAPLES BLVD,NAPLES,FL,34109-2030
307,"Nashua, NH Warehouse | Costco",311 DANIEL WEBSTER HWY,NASHUA,NH,03060-5702
630,"W Nashville Nashville, TN Warehouse | Costco",6670 CHARLOTTE PIKE,NASHVILLE,TN,37209-4202
206,"Nesconset, NY Warehouse | Costco",3000 MIDDLE COUNTRY RD,NESCONSET,NY,11767-1072
1212,"New Berlin, WI Warehouse | Costco",15300 WEST GRANGE AVE,NEW BERLIN,WI,53151-7909
1766,"New Braunfels, TX Warehouse | Costco",235 KOHLENBERG RD BLD 1,NEW BRAUNFELS,TX,78130-2780
1196,"New Britain, CT Warehouse | Costco",405 HARTFORD RD,NEW BRITAIN,CT,06053-1507
1147,"New Orleans, LA Warehouse | Costco",3900 DUBLIN ST,NEW ORLEANS,LA,70118-4754
241,"New Rochelle, NY Warehouse | Costco",1 INDUSTRIAL LN,NEW ROCHELLE,NY,10805-1203
1062,"Manhattan New York, NY Warehouse | Costco",517 E 117TH ST,NEW YORK,NY,10035-4409
246,"Christiana Newark, DE Warehouse | Costco",900 CENTER BLVD,NEWARK,DE,19702-3221
1660,"Newark, CA Warehouse | Costco",350 NEWPARK MALL,NEWARK,CA,94560-5201
247,"Newport News, VA Warehouse | Costco",12121 JEFFERSON AVE,NEWPORT NEWS,VA,23602-6916
383,"Niles, IL Warehouse | Costco",7311 N MELVINA AVE,NILES,IL,60714-3905
1666,"Noblesville, IN Warehouse | Costco",14775 NORTH POINTE BLVD,NOBLESVILLE,IN,46060-4170
202,"Norfolk, VA Warehouse | Costco",850 GLENROCK RD,NORFOLK,VA,23502-3702
1174,"North Brunswick, NJ Warehouse | Costco",100 GRAND AVENUE,NORTH BRUNSWICK,NJ,08902-5026
1635,"North Canton, OH Warehouse | Costco",4953 HUCKLEBERRY ST NW,NORTH CANTON,OH,44720-3333
1089,"Chesterfield North Chesterfield, VA Warehouse | Costco",1401 MALL DR,NORTH CHESTERFIELD,VA,23235-4887
653,"Burbank Business Center North Hollywood, CA Warehouse | Costco",11428 SHERMAN WAY,NORTH HOLLYWOOD,CA,91605-5807
1332,"N Miami North Miami, FL Warehouse | Costco",14800 SOLE MIA WAY,NORTH MIAMI,FL,33181-2490
1166,"North Plainfield, NJ Warehouse | Costco",1290 US HIGHWAY 22E,NORTH PLAINFIELD,NJ,07060-3518
1682,"North Port, FL Warehouse | Costco",11700 MEZZO DRIVE,NORTH PORT,FL,34293-1254
1153,"North Riverside Il North Riverside, IL Warehouse | Costco",2500 SOUTH HARLEM AVE,NORTH RIVERSIDE,IL,60546-1415
248,"Montgomeryville North Wales, PA Warehouse | Costco",740 UPPER STATE RD,NORTH WALES,PA,19454-1403
437,"Northridge, CA Warehouse | Costco",8810 TAMPA AVE,NORTHRIDGE,CA,91324-3519
324,"Norwalk Ct Norwalk, CT Warehouse | Costco",779 CONNECTICUT AVENUE,NORWALK,CT,06854-1615
410,"Norwalk Ca Norwalk, CA Warehouse | Costco",12324 HOXIE AVE,NORWALK,CA,90650-2211
141,"Novato, CA Warehouse | Costco",300 VINTAGE WAY,NOVATO,CA,94945-5007
388,"Oak Brook, IL Warehouse | Costco",1901 W 22ND ST,OAK BROOK,IL,60523-1759
329,"Ocean Township Ocean, NJ Warehouse | Costco",2361 STATE ROUTE 66,OCEAN,NJ,07712-3961
1215,"Oceanside, NY Warehouse | Costco",3705 HAMPTON RD,OCEANSIDE,NY,11572-4808
1803,"Oconomowoc, WI Warehouse | Costco",1855 KIRKLAND WAY,OCONOMOWOC,WI,53066-4457
770,"South Ogden Ogden, UT Warehouse | Costco",3656 WALL AVE,OGDEN,UT,84405-7101
1350,"Oklahoma City, OK Warehouse | Costco",13200 N WESTERN AVE,OKLAHOMA CITY,OK,73114
1012,"Omaha, NE Warehouse | Costco",12300 W DODGE RD,OMAHA,NE,68154-2382
1690,"Nw Omaha Omaha, NE Warehouse | Costco",17701 EVANS ST,OMAHA,NE,68116-6450
947,"Ontario Business Center Ontario, CA Warehouse | Costco",3680 E GUASTI RD,ONTARIO,CA,91761-3708
1700,"Ontario Home Showroom Ontario, CA Warehouse | Costco",5640 EAST AIRPORT DR,ONTARIO,CA,91761-0000
484,"Orem, UT Warehouse | Costco",648 E 800 S,OREM,UT,84097-6528
647,"Orland Park, IL Warehouse | Costco",9915 W 159TH ST,ORLAND PARK,IL,60467-4572
651,"Orlando Business Center Orlando, FL Warehouse | Costco",2101 WATERBRIDGE BLVD,ORLANDO,FL,32837-9283
1235,"S Orlando Orlando, FL Warehouse | Costco",4696 GARDENS PARK BLVD,ORLANDO,FL,32839-2171
1743,"Otsego, MN Warehouse | Costco",11910 60TH STREET NE,OTSEGO,MN,55301-9730
369,"Overland Park, KS Warehouse | Costco",12221 BLUE VALLEY PKWY,OVERLAND PARK,KS,66213-2640
1326,"Owings Mills, MD Warehouse | Costco",10270 MILL RUN CIRCLE,OWINGS MILLS,MD,21117-4214
420,"Oxnard, CA Warehouse | Costco",2001 E VENTURA BLVD,OXNARD,CA,93036-1813
1071,"Pacoima, CA Warehouse | Costco",13550 PAXTON ST,PACOIMA,CA,91331-2352
93,"Palm Beach Gardens, FL Warehouse | Costco",3250 NORTHLAKE BLVD,PALM BEACH GARDENS,FL,33403-1702
441,"Palm Desert, CA Warehouse | Costco",72800 DINAH SHORE DR,PALM DESERT,CA,92211-0814
1022,"Parker, CO Warehouse | Costco",18414 COTTONWOOD DR,PARKER,CO,80138-8876
1698,"Pearl City Home Showroom Pearl City, HI Warehouse | Costco",98-600 KAMEHAMEHA HWY,PEARL CITY,HI,96782-0000
1221,"Pearland, TX Warehouse | Costco",3500 BUSINESS CENTER DRIVE,PEARLAND,TX,77584-1952
742,"Pembroke Pines, FL Warehouse | Costco",15915 PINES BLVD,PEMBROKE PINES,FL,33027-1201
1779,"Pensacola, FL Warehouse | Costco",225 E. NINE MILE RD.,PENSACOLA,FL,32534-5783
1194,"Perrysburg, OH Warehouse | Costco",26400 DIXIE HWY,PERRYSBURG,OH,43551-1967
1101,"Pewaukee, WI Warehouse | Costco",443 PEWAUKEE RD,PEWAUKEE,WI,53072-5886
1322,"Pflugerville, TX Warehouse | Costco",1901 KELLY LN,PFLUGERVILLE,TX,78660
1108,"Pharr, TX Warehouse | Costco",1501 W KELLY AVE,PHARR,TX,78577-5031
465,"Thomas Road Phoenix, AZ Warehouse | Costco",4502 E OAK ST,PHOENIX,AZ,85008-2411
490,"N Phoenix Phoenix, AZ Warehouse | Costco",19001 N 27TH AVE,PHOENIX,AZ,85027-5036
738,"Cave Creek Phoenix, AZ Warehouse | Costco",2450 E BEARDSLEY RD,PHOENIX,AZ,85050-1300
827,"Phoenix Business Center Phoenix, AZ Warehouse | Costco",3801 N 33RD AVE,PHOENIX,AZ,85017-4508
1058,"Paradise Valley Phoenix, AZ Warehouse | Costco",4570 E CACTUS RD,PHOENIX,AZ,85032-7702
332,"Robinson Pittsburgh, PA Warehouse | Costco",202 COSTCO DR,PITTSBURGH,PA,15205-4858
1243,"Nw Columbus Plain City, OH Warehouse | Costco",7300 STATE ROUTE 161 E,PLAIN CITY,OH,43064-9276
1388,"Plainfield, IL Warehouse | Costco",16261 S. BOULEVARD PLACE,PLAINFIELD,IL,60586-2202
664,"E Plano Plano, TX Warehouse | Costco",3800 N CENTRAL EXPY,PLANO,TX,75074-2221
684,"W Plano Plano, TX Warehouse | Costco",1701 DALLAS PKWY,PLANO,TX,75093-4580
1198,"Pleasant Prairie, WI Warehouse | Costco",7707 94TH AVE,PLEASANT PRAIRIE,WI,53158-1955
1341,"Pleasanton, CA Warehouse | Costco",7200 JOHNSON DRIVE,PLEASANTON,CA,94588-8005
1033,"Pocatello, ID Warehouse | Costco",305 W QUINN RD,POCATELLO,ID,83201-4988
88,"Pompano Pompano Beach, FL Warehouse | Costco",1800 W SAMPLE RD,POMPANO BEACH,FL,33064-1324
1485,"Pooler, GA Warehouse | Costco",200 MOSAIC CIRCLE,POOLER,GA,31322
326,"Port Chester, NY Warehouse | Costco",1 WESTCHESTER AVE,PORT CHESTER,NY,10573-4314
2,"Portland, OR Warehouse | Costco",4849 NE 138TH AVE,PORTLAND,OR,97230-3401
1081,"Sanatoga Pottstown, PA Warehouse | Costco",14 W LIGHTCAP RD,POTTSTOWN,PA,19464-3413
775,"Poway, CA Warehouse | Costco",12155 TECH CENTER DR,POWAY,CA,92064-7156
466,"Prescott, AZ Warehouse | Costco",3911 E STATE ROUTE 69,PRESCOTT,AZ,86301-6717
1694,"Prosper, TX Warehouse | Costco",5620 W UNIVERSITY DRIVE,PROSPER,TX,75078-3830
660,"Puyallup, WA Warehouse | Costco",1201 39TH AVE SW,PUYALLUP,WA,98373-3803
1620,"Queen Creek, AZ Warehouse | Costco",20260 S ELLSWORTH RD,QUEEN CREEK,AZ,85142-8840
645,"Raleigh, NC Warehouse | Costco",2838 WAKE FOREST RD,RALEIGH,NC,27609-7840
1587,"Garner Raleigh, NC Warehouse | Costco",7800 FAYETTEVILLE RD.,RALEIGH,NC,27603-5432
438,"Rancho Cordova, CA Warehouse | Costco",11260 WHITE ROCK RD,RANCHO CORDOVA,CA,95742-6571
678,"Rancho Cucamonga, CA Warehouse | Costco",11800 4TH ST,RANCHO CUCAMONGA,CA,91730-6129
1445,"Redding, CA Warehouse | Costco",4805 BECHELLI LANE,REDDING,CA,96002-3556
1225,"Redmond, WA Warehouse | Costco",7725 188TH AVE NE,REDMOND,WA,98052-6088
1042,"Redwood City, CA Warehouse | Costco",2300 MIDDLEFIELD RD,REDWOOD CITY,CA,94063-2854
1070,"Rego Park, NY Warehouse | Costco",6135 JUNCTION BLVD,REGO PARK,NY,11374-2771
25,"Reno, NV Warehouse | Costco",2200 HARVARD WAY,RENO,NV,89502-4004
1718,"Richland, WA Warehouse | Costco",3125 QUEENSGATE DRIVE,RICHLAND,WA,99352-9127
482,"Richmond Ca Richmond, CA Warehouse | Costco",4801 CENTRAL AVENUE,RICHMOND,CA,94804-5801
1697,"Richmond Tx Richmond, TX Warehouse | Costco",11125 W GRAND PKWY S,RICHMOND,TX,77407-0000
1703,"Ridgefield, WA Warehouse | Costco",519 N. 56TH PL.,RIDGEFIELD,WA,98642-3500
1366,"Ridgeland, MS Warehouse | Costco",700 HIGHLAND COLONY PKWY,RIDGELAND,MS,39157-8701
1083,"Fort Oglethorpe Ringgold, GA Warehouse | Costco",100 COBB PKWY,RINGGOLD,GA,30736-8566
1683,"Riverbank, CA Warehouse | Costco",2015 CLARIBEL ROAD,RIVERBANK,CA,95367-9001
785,"Riverhead, NY Warehouse | Costco",1768 OLD COUNTRY RD,RIVERHEAD,NY,11901-3146
1441,"Riverton, UT Warehouse | Costco",13126 S. EAGLES FLIGHT RD,RIVERTON,UT,84096-1410
1125,"Rochester Mn Rochester, MN Warehouse | Costco",2020 COMMERCE DR NW,ROCHESTER,MN,55901-3246
1195,"Rochester Ny Rochester, NY Warehouse | Costco",335 WESTFALL ROAD,ROCHESTER,NY,14620-4603
1049,"Rockwall, TX Warehouse | Costco",1225 STATE HIGHWAY 276,ROCKWALL,TX,75032-9376
659,"Rohnert Park, CA Warehouse | Costco",5901 REDWOOD DR,ROHNERT PARK,CA,94928-2076
1073,"Roseburg, OR Warehouse | Costco",4141 NE STEPHENS ST,ROSEBURG,OR,97470-1161
29,"Roseville Ca Roseville, CA Warehouse | Costco",6750 STANFORD RANCH RD,ROSEVILLE,CA,95678-1907
394,"Roseville Mi Roseville, MI Warehouse | Costco",27118 GRATIOT AVE,ROSEVILLE,MI,48066-2915
1702,"W Roseville Ca Roseville, CA Warehouse | Costco",5200 BASELINE ROAD,ROSEVILLE,CA,95747-0000
623,"Royal Palm Beach, FL Warehouse | Costco",11001 SOUTHERN BLVD,ROYAL PALM BEACH,FL,33411-4240
893,"Sacramento Business Center Sacramento, CA Warehouse | Costco",3360 EL CAMINO AVE,SACRAMENTO,CA,95821-6308
464,"Sacramento, CA Warehouse | Costco",7981 E STOCKTON BLVD,SACRAMENTO,CA,95823-9606
471,"Cal Expo Sacramento, CA Warehouse | Costco",1600 EXPO PKWY,SACRAMENTO,CA,95815-4228
1674,"Natomas Sacramento, CA Warehouse | Costco",3881 E COMMERCE WAY,SACRAMENTO,CA,95834-4017
1040,"St Charles Saint Charles, IL Warehouse | Costco",221 S RANDALL RD,SAINT CHARLES,IL,60174-1524
1344,"St Cloud Saint Cloud, MN Warehouse | Costco",3636 2ND ST S,SAINT CLOUD,MN,56301-3732
672,"St George Saint George, UT Warehouse | Costco",835 N 3050 E,SAINT GEORGE,UT,84790-9041
368,"S St Louis Saint Louis, MO Warehouse | Costco",4200 RUSTY RD,SAINT LOUIS,MO,63128-1973
1488,"University City Saint Louis, MO Warehouse | Costco",8685 OLIVE BLVD,SAINT LOUIS,MO,63132-2503
377,"St Louis Park Saint Louis Park, MN Warehouse | Costco",5801 W 16TH ST,SAINT LOUIS PARK,MN,55416-1446
382,"St Peters Saint Peters, MO Warehouse | Costco",200 COSTCO WAY,SAINT PETERS,MO,63376-4385
1492,"Salem, OR Warehouse | Costco",4885 27TH AVE. SE,SALEM,OR,97306-6919
472,"Salinas, CA Warehouse | Costco",1339 N DAVIS RD,SALINAS,CA,93907-1988
113,"Salt Lake City, UT Warehouse | Costco",1818 S 300 W,SALT LAKE CITY,UT,84115-1805
622,"West Valley Salt Lake City, UT Warehouse | Costco",3747 S 2700 W,SALT LAKE CITY,UT,84119-3721
689,"Nw San Antonio San Antonio, TX Warehouse | Costco",5611 UTSA BLVD,SAN ANTONIO,TX,78249-1619
693,"Sonterra Park San Antonio, TX Warehouse | Costco",1201 N LOOP 1604 E,SAN ANTONIO,TX,78232-1322
1449,"W San Antonio San Antonio, TX Warehouse | Costco",191 W LOOP 1604 S,SAN ANTONIO,TX,78245-4191
478,"San Bernardino, CA Warehouse | Costco",1099 E HOSPITALITY LN,SAN BERNARDINO,CA,92408-2813
401,"Morena San Diego, CA Warehouse | Costco",4605 MORENA BLVD,SAN DIEGO,CA,92117-3650
452,"Carmel Mountain San Diego, CA Warehouse | Costco",12350 CARMEL MOUNTAIN RD,SAN DIEGO,CA,92128-4616
483,"Se San Diego San Diego, CA Warehouse | Costco",650 GATEWAY CENTER DR,SAN DIEGO,CA,92102-4530
488,"Mission Valley San Diego, CA Warehouse | Costco",2345 FENTON PKWY,SAN DIEGO,CA,92108-4743
578,"San Diego Business Center San Diego, CA Warehouse | Costco",7803 OTHELLO AVE,SAN DIEGO,CA,92111-3709
1015,"San Dimas, CA Warehouse | Costco",520 N LONE HILL AVE,SAN DIMAS,CA,91773-1725
144,"San Francisco, CA Warehouse | Costco",450 10TH ST,SAN FRANCISCO,CA,94103-4304
848,"San Jose Business Center San Jose, CA Warehouse | Costco",2376 S EVERGREEN LOOP,SAN JOSE,CA,95122-4030
148,"San Jose, CA Warehouse | Costco",2201 SENTER RD,SAN JOSE,CA,95112-2627
470,"Almaden San Jose, CA Warehouse | Costco",5301 ALMADEN EXPY,SAN JOSE,CA,95118-3603
1004,"Ne San Jose San Jose, CA Warehouse | Costco",1709 AUTOMATION PKWY,SAN JOSE,CA,95131-1866
1267,"Great Oaks San Jose, CA Warehouse | Costco",6898 RALEIGH ROAD,SAN JOSE,CA,95119-1730
335,"Carolina San Juan, PR Warehouse | Costco",1185 AVE 65 INFANTERIA,SAN JUAN,PR,00924-3403
1622,"Puerto Rico Home Showroom San Juan, PR Warehouse | Costco",CARR 176 KM 0.5,SAN JUAN,PR,00926-0000
429,"San Juan Capistrano, CA Warehouse | Costco",33961 DOHENY PARK RD,SAN JUAN CAPISTRANO,CA,92675-4835
118,"San Leandro, CA Warehouse | Costco",1900 DAVIS ST,SAN LEANDRO,CA,94577-1209
741,"San Luis Obispo, CA Warehouse | Costco",1540 FROOM RANCH WAY,SAN LUIS OBISPO,CA,93405-7211
1080,"San Marcos, CA Warehouse | Costco",725 CENTER DRIVE,SAN MARCOS,CA,92069-3536
1581,"San Marcos Business Center San Marcos, CA Warehouse | Costco",150 S. BENT AVE,SAN MARCOS,CA,92078-1202
131,"Sand City, CA Warehouse | Costco",801 TIOGA AVE,SAND CITY,CA,93955-3050
487,"Sandy, UT Warehouse | Costco",11100 S AUTO MALL DR,SANDY,UT,84070-4171
129,"Santa Clara, CA Warehouse | Costco",1601 COLEMAN AVE,SANTA CLARA,CA,95050-3122
447,"Santa Clarita, CA Warehouse | Costco",18649 VIA PRINCESSA,SANTA CLARITA,CA,91387-4935
149,"Santa Cruz, CA Warehouse | Costco",220 SYLVANIA AVE,SANTA CRUZ,CA,95060-2161
1275,"Santa Maria, CA Warehouse | Costco",1700 S. BRADLEY RD.,SANTA MARIA,CA,93454-8001
41,"Santa Rosa, CA Warehouse | Costco",1900 SANTA ROSA AVE,SANTA ROSA,CA,95407-7621
403,"Santee, CA Warehouse | Costco",101 TOWN CENTER PKWY,SANTEE,CA,92071-5802
1123,"Sarasota Mall Sarasota, FL Warehouse | Costco",8201 S TAMIAMI TRL UNIT 501,SARASOTA,FL,34238-2966
1383,"Saratoga Springs, UT Warehouse | Costco",1083 N REDWOOD RD.,SARATOGA SPRINGS,UT,84045-5179
1657,"Scarborough Me Scarborough, ME Warehouse | Costco",455 SCARBOROUGH DOWNS ROAD,SCARBOROUGH,ME,4074
387,"Schaumburg, IL Warehouse | Costco",1375 N MEACHAM RD,SCHAUMBURG,IL,60173-4805
427,"Scottsdale, AZ Warehouse | Costco",15255 N HAYDEN RD,SCOTTSDALE,AZ,85260-2551
1,"Seattle, WA Warehouse | Costco",4401 4TH AVE S,SEATTLE,WA,98134-2311
1006,"Selma, TX Warehouse | Costco",15330 IH-35 NORTH,SELMA,TX,78154-3814
639,"Sequim, WA Warehouse | Costco",955 W WASHINGTON ST,SEQUIM,WA,98382-3266
1704,"Sharon, MA Warehouse | Costco",160 OLD POST ROAD,SHARON,MA,02067-2820
1361,"Sharpsburg, GA Warehouse | Costco",40 FISCHER CROSSINGS DR,SHARPSBURG,GA,30277
374,"Lakeside Shelby Township, MI Warehouse | Costco",45460 MARKET ST,SHELBY TOWNSHIP,MI,48315-6224
1027,"Sheridan, CO Warehouse | Costco",4000 RIVER POINT PKWY,SHERIDAN,CO,80110-3316
106,"Aurora Village Shoreline, WA Warehouse | Costco",1175 N 205TH ST,SHORELINE,WA,98133-3206
424,"Signal Hill, CA Warehouse | Costco",2200 E WILLOW ST,SIGNAL HILL,CA,90755-2132
13,"Silverdale, WA Warehouse | Costco",10000 MICKELBERRY RD NW,SILVERDALE,WA,98383-8302
128,"Simi Valley, CA Warehouse | Costco",2660 PARK CENTER DR,SIMI VALLEY,CA,93065-6207
1159,"Sioux Falls, SD Warehouse | Costco",3700 S GRANGE AVE,SIOUX FALLS,SD,57105-6359
1019,"South Jordan, UT Warehouse | Costco",3571 W 10400 S,SOUTH JORDAN,UT,84095-7173
422,"S San Francisco South San Francisco, CA Warehouse | Costco",451 S AIRPORT BLVD,SOUTH SAN FRANCISCO,CA,94080-6909
475,"El Camino South San Francisco, CA Warehouse | Costco",1600 EL CAMINO REAL,SOUTH SAN FRANCISCO,CA,94080-1206
654,"S San Francisco Business Center South San Francisco, CA Warehouse | Costco",900 DUBUQUE AVE,SOUTH SAN FRANCISCO,CA,94080-1805
1493,"South Windsor, CT Warehouse | Costco",1220 TAMARACK AVE,SOUTH WINDSOR,CT,6074
1663,"Southfield Business Center Southfield, MI Warehouse | Costco",21110 NORTHWESTERN HWY,SOUTHFIELD,MI,48075-5013
669,"Southlake, TX Warehouse | Costco",2601 E STATE HIGHWAY 114,SOUTHLAKE,TX,76092-6668
1118,"Spanish Fork, UT Warehouse | Costco",273 E 1000 N,SPANISH FORK,UT,84660-5844
646,"Sparks, NV Warehouse | Costco",4810 GALLERIA PKWY,SPARKS,NV,89436-9605
1008,"Spartanburg, SC Warehouse | Costco",211 W BLACKSTOCK RD,SPARTANBURG,SC,29301-1382
1298,"N Spokane Spokane, WA Warehouse | Costco",12020 N NEWPORT HWY,SPOKANE,WA,99218-1655
670,"Spokane, WA Warehouse | Costco",5601 E SPRAGUE AVE,SPOKANE,WA,99212-0826
227,"Newington Springfield, VA Warehouse | Costco",7373 BOSTON BLVD,SPRINGFIELD,VA,22153-2805
1486,"Springfield, MO Warehouse | Costco",279 N. EASTGATE AVENUE,SPRINGFIELD,MO,65802-2881
1615,"St Augustine St. Augustine, FL Warehouse | Costco",215 WORLD COMMERCE PARKWAY,ST. AUGUSTINE,FL,32092-3765
1764,"S St George St. George, UT Warehouse | Costco",4700 SOUTH DESERT COLOR PARKWAY,ST. GEORGE,UT,84790-1826
1665,"St John Business Center St. Louis, MO Warehouse | Costco",8421 ST JOHN INDUSTRIAL LANE,ST. LOUIS,MO,63114-4550
1487,"Stafford Business Center Stafford, TX Warehouse | Costco",12717 NETWORK DR,STAFFORD,TX,77477-1738
1025,"Manahawkin Stafford Township, NJ Warehouse | Costco",245 STAFFORD PARK BLVD,STAFFORD TOWNSHIP,NJ,08050-2734
316,"Staten Island, NY Warehouse | Costco",2975 RICHMOND AVE,STATEN ISLAND,NY,10314-5851
218,"Sterling, VA Warehouse | Costco",21398 PRICE CASCADES PLZ,STERLING,VA,20164-6606
38,"Stockton, CA Warehouse | Costco",1616 E HAMMER LN,STOCKTON,CA,95210-4119
1769,"Stone Mountain, GA Warehouse | Costco",1915 WEST PARK PLACE BLVD,STONE MOUNTAIN,GA,30087-3310
625,"Strongsville, OH Warehouse | Costco",16690 ROYALTON RD,STRONGSVILLE,OH,44136-4433
1717,"Stuart, FL Warehouse | Costco",3173 S KANNER HWY,STUART,FL,34994-4822
1146,"Sugar Land, TX Warehouse | Costco",17520 SOUTHWEST FWY,SUGAR LAND,TX,77479-2359
1121,"Sun Prairie, WI Warehouse | Costco",2850 HOEPKER RD,SUN PRAIRIE,WI,53590-9334
423,"Sunnyvale, CA Warehouse | Costco",150 LAWRENCE STATION RD,SUNNYVALE,CA,94086-5309
480,"Superior, CO Warehouse | Costco",600 MARSHALL RD,SUPERIOR,CO,80027-9730
1375,"Surprise, AZ Warehouse | Costco",16385 W. WADDELL RD.,SURPRISE,AZ,85388-9623
1796,"Syracuse Ut Syracuse, UT Warehouse | Costco",3151 W 1700 SOUTH,SYRACUSE,UT,84075-8813
95,"Tacoma, WA Warehouse | Costco",2219 S 37TH ST,TACOMA,WA,98409-7473
1026,"Tallahassee, FL Warehouse | Costco",4067 LAGNIAPPE WAY,TALLAHASSEE,FL,32317-1201
1262,"W Tampa Tampa, FL Warehouse | Costco",8712 W LINEBAUGH AVE,TAMPA,FL,33625-3713
491,"Temecula, CA Warehouse | Costco",26610 YNEZ RD,TEMECULA,CA,92591-4697
436,"Tempe, AZ Warehouse | Costco",1445 W ELLIOT RD,TEMPE,AZ,85284-1103
1214,"Teterboro, NJ Warehouse | Costco",2 TETERBORO LANDING DR,TETERBORO,NJ,07608-1120
1794,"The Colony, TX Warehouse | Costco",6060 GRANDSCAPE BLVD,THE COLONY,TX,75056-6771
1738,"The Villages, FL Warehouse | Costco",675 TATONKA TERRACE,THE VILLAGES,FL,32162-7199
629,"Thornton, CO Warehouse | Costco",16375 N. WASHINGTON ST,THORNTON,CO,80023-8907
111,"Tigard, OR Warehouse | Costco",7850 SW DARTMOUTH ST,TIGARD,OR,97223-8401
1178,"Timnath, CO Warehouse | Costco",4705 WEITZEL ST,TIMNATH,CO,80547-4703
1007,"Toledo, OH Warehouse | Costco",3405 W CENTRAL AVE,TOLEDO,OH,43606-1402
1687,"Tomball, TX Warehouse | Costco",27000 TOMBALL PKWY,TOMBALL,TX,77375-3451
1202,"Torrance, CA Warehouse | Costco",2640 LOMITA BLVD,TORRANCE,CA,90505-5214
658,"Tracy, CA Warehouse | Costco",3250 W GRANT LINE RD,TRACY,CA,95304-8427
1279,"Traverse City, MI Warehouse | Costco",125 E SOUTH AIRPORT RD,TRAVERSE CITY,MI,49686-4864
431,"Nw Tucson Tucson, AZ Warehouse | Costco",3901 W COSTCO DR,TUCSON,AZ,85741-2864
407,"Tucson, AZ Warehouse | Costco",6255 EAST GRANT ROAD,TUCSON,AZ,85712-5804
1079,"Sw Tucson Tucson, AZ Warehouse | Costco",1650 E TUCSON MARKETPLACE BLVD,TUCSON,AZ,85713-6561
6,"Tukwila, WA Warehouse | Costco",400 COSTCO DR STE 150,TUKWILA,WA,98188-4808
1207,"Tulsa, OK Warehouse | Costco",10220 S MEMORIAL DR,TULSA,OK,74133-7179
1640,"North Tulsa Tulsa, OK Warehouse | Costco",4816 N 118TH AVE E,TULSA,OK,74116
64,"Tumwater, WA Warehouse | Costco",5500 LITTLEROCK RD SW,TUMWATER,WA,98512-7363
782,"Turlock, CA Warehouse | Costco",2955 N TEGNER RD,TURLOCK,CA,95380-9401
122,"Tustin Ranch Tustin, CA Warehouse | Costco",2655 EL CAMINO REAL,TUSTIN,CA,92782-8918
1001,"Tustin, CA Warehouse | Costco",2700 PARK AVE,TUSTIN,CA,92782-2708
145,"Twin Falls, ID Warehouse | Costco",731 POLE LINE RD,TWIN FALLS,ID,83301-3036
1297,"Ukiah, CA Warehouse | Costco",1275 AIRPORT PARK BLVD,UKIAH,CA,95482-7400
320,"Union, NJ Warehouse | Costco",1055 HUDSON ST,UNION,NJ,07083-6809
1013,"Union Gap, WA Warehouse | Costco",2310 LONGFIBRE RD,UNION GAP,WA,98903-1513
694,"Vacaville, CA Warehouse | Costco",1051 HUME WAY,VACAVILLE,CA,95687-5558
132,"Vallejo, CA Warehouse | Costco",198 PLAZA DR,VALLEJO,CA,94591-3702
48,"Van Nuys, CA Warehouse | Costco",6100 SEPULVEDA BLVD,VAN NUYS,CA,91411-2503
772,"Vancouver Wa Vancouver, WA Warehouse | Costco",6720 NE 84TH ST,VANCOUVER,WA,98665-2016
1491,"Verona, WI Warehouse | Costco",1000 BATKER COURT,VERONA,WI,53593-8993
1010,"Victorville, CA Warehouse | Costco",14555 VALLEY CENTER DR,VICTORVILLE,CA,92395-4216
1017,"Visalia, CA Warehouse | Costco",1405 W CAMERON AVE,VISALIA,CA,93277-9527
1741,"N Visalia Visalia, CA Warehouse | Costco",6610 W RIGGIN AVE,VISALIA,CA,93291-1925
124,"Vista, CA Warehouse | Costco",1755 HACIENDA DR,VISTA,CA,92081-4546
485,"Waipio Waipahu, HI Warehouse | Costco",94-1231 KA UKA BLVD,WAIPAHU,HI,96797-4495
308,"Waltham, MA Warehouse | Costco",71 2ND AVE,WALTHAM,MA,02451-1107
1103,"Bucks County Warminster, PA Warehouse | Costco",100 VETERANS WAY,WARMINSTER,PA,18974-3533
1059,"Warrenton, OR Warehouse | Costco",1804 SE ENSIGN LN,WARRENTON,OR,97146-7339
1120,"Washington Dc Washington, DC Warehouse | Costco",2441 MARKET ST NE,WASHINGTON,DC,20018-3840
313,"Waterbury, CT Warehouse | Costco",3600 E MAIN ST,WATERBURY,CT,06705-3851
1177,"Wayne, NJ Warehouse | Costco",149 STATE ROUTE 23,WAYNE,NJ,07470-6933
1735,"Weatherford, TX Warehouse | Costco",310 CENTER POINT ROAD,WEATHERFORD,TX,76087-4940
1330,"Webster, TX Warehouse | Costco",1310 JASMINE AVE,WEBSTER,TX,77598-3210
735,"Bountiful West Bountiful, UT Warehouse | Costco",573 W 100 N,WEST BOUNTIFUL,UT,84010-7018
788,"West Des Moines, IA Warehouse | Costco",7205 MILLS CIVIC PKWY,WEST DES MOINES,IA,50266-8140
1119,"West Fargo Nd West Fargo, ND Warehouse | Costco",750 23RD AVE EAST,WEST FARGO,ND,58078-7804
302,"West Springfield, MA Warehouse | Costco",119 DAGGETT DR,WEST SPRINGFIELD,MA,01089-4672
226,"Westbury, NY Warehouse | Costco",1250 OLD COUNTRY RD,WESTBURY,NY,11590-5624
117,"Westlake Village, CA Warehouse | Costco",5700 LINDERO CANYON RD,WESTLAKE VILLAGE,CA,91362-4063
440,"Westminster Co Westminster, CO Warehouse | Costco",6400 W 92ND AVE,WESTMINSTER,CO,80031-2952
943,"Westminster Business Center Westminster, CA Warehouse | Costco",13225 BEACH BLVD,WESTMINSTER,CA,92683-9210
315,"Wharton, NJ Warehouse | Costco",315 STATE ROUTE 15 N,WHARTON,NJ,07885-1222
1124,"Wheaton, MD Warehouse | Costco",11160 VEIRS MILL RD,WHEATON,MD,20902-2538
1200,"Wichita, KS Warehouse | Costco",9700 E KELLOGG,WICHITA,KS,67207-1821
635,"Wilmington, NC Warehouse | Costco",5351 GINGERWOOD DR,WILMINGTON,NC,28405-3091
766,"Wilsonville, OR Warehouse | Costco",25900 SW HEATHER PL,WILSONVILLE,OR,97070-5785
239,"Winchester, VA Warehouse | Costco",251 FRONT ROYAL PIKE,WINCHESTER,VA,22602-7319
361,"Winston Salem, NC Warehouse | Costco",1085 HANES MALL BLVD,WINSTON SALEM,NC,27103-1310
185,"E Orlando Winter Park, FL Warehouse | Costco",3333 UNIVERSITY BLVD,WINTER PARK,FL,32792-7428
626,"Potomac Mills Woodbridge, VA Warehouse | Costco",2700 POTOMAC MILLS CIRCLE,WOODBRIDGE,VA,22192-4653
1272,"Woodbury, MN Warehouse | Costco",7070 TAMARACK ROAD,WOODBURY,MN,55125-1205
747,"Woodinville, WA Warehouse | Costco",24008 SNOHOMISH WOODINVILLE RD,WOODINVILLE,WA,98072-9743
1003,"Woodland, CA Warehouse | Costco",2299 BRONZE STAR DR,WOODLAND,CA,95776-5409
1205,"Woodland Hills, CA Warehouse | Costco",21800 VICTORY BLVD,WOODLAND HILLS,CA,91367-2227
1295,"Woodstock, GA Warehouse | Costco",113 LINCOLN ST,WOODSTOCK,GA,30188-7800
744,"Wyoming, MI Warehouse | Costco",4901 WILSON AVE SW,WYOMING,MI,49418-8788
321,"Yonkers, NY Warehouse | Costco",20 STEW LEONARD DR,YONKERS,NY,10710-7204
445,"Yorba Linda, CA Warehouse | Costco",22633 SAVI RANCH PKWY,YORBA LINDA,CA,92887-4647
1763,"Yorkville, IL Warehouse | Costco",825 EAST VETERANS PARKWAY,YORKVILLE,IL,60560-2216
